ID,Nome,Idade,Salário,Departamento,Horas_Semanais,Desempenho,Bonus,Sexo,Experiência,Formação,Projetos,Avaliação
1,Nome_1,62,7554.21,TI,46.0,Regular,293.64,Masculino,18,Médio,10,9.3
2,Nome_2,65,3855.51,TI,41.0,Excelente,1693.43,Feminino,25,Técnico,3,5.2
3,Nome_3,18,4419.31,Vendas,31.0,Bom,729.71,Feminino,21,Superior,4,3.2
4,Nome_4,21,5798.37,TI,40.0,Bom,878.55,Feminino,13,Técnico,13,5.0
5,Nome_5,21,7343.92,TI,35.0,nan,1919.65,Feminino,16,Médio,1,8.5
6,Nome_6,57,4595.64,RH,45.0,Excelente,916.98,Masculino,20,Médio,14,3.3
7,Nome_7,27,7569.31,RH,43.0,Bom,163.23,Feminino,26,Médio,1,9.2
8,Nome_8,37,5552.48,Financeiro,34.0,nan,1322.06,Masculino,5,Técnico,12,1.6
9,Nome_9,39,4590.71,Vendas,30.0,Regular,1433.56,Feminino,25,Técnico,11,1.8
10,Nome_10,68,5556.68,TI,43.0,Bom,934.56,Feminino,10,Médio,10,6.4
11,Nome_11,54,4127.04,Vendas,42.0,nan,1406.03,Masculino,15,Superior,6,5.6
12,Nome_12,41,5942.12,Financeiro,36.0,Excelente,792.17,Feminino,4,Superior,14,7.0
13,Nome_13,24,5913.85,Financeiro,47.0,Excelente,1801.29,Feminino,10,Técnico,11,1.4
14,Nome_14,42,6930.31,RH,47.0,Bom,1541.19,Masculino,10,Médio,8,3.3
15,Nome_15,42,,TI,,nan,558.62,Feminino,17,Superior,4,7.3
16,Nome_16,30,2225.39,TI,30.0,Regular,944.3,Feminino,8,Técnico,10,4.1
17,Nome_17,19,7907.79,Vendas,49.0,Bom,1444.4,Feminino,14,Superior,13,3.7
18,Nome_18,56,4688.86,RH,47.0,Bom,1068.35,Feminino,2,Superior,10,8.4
19,Nome_19,57,7625.81,RH,33.0,Bom,1039.88,Masculino,17,Técnico,1,8.2
20,Nome_20,41,6032.25,RH,43.0,Bom,1685.08,Feminino,9,Superior,11,7.7
21,Nome_21,64,3600.18,TI,41.0,nan,1305.41,Feminino,2,Técnico,13,6.6
22,Nome_22,42,5384.39,Financeiro,47.0,Regular,1880.94,Feminino,16,Superior,6,9.6
23,Nome_23,35,7741.6,Financeiro,34.0,Regular,543.17,Feminino,22,Superior,5,1.2
24,Nome_24,55,2680.92,TI,45.0,nan,199.47,Feminino,12,Técnico,2,2.4
25,Nome_25,43,,Financeiro,40.0,Regular,371.97,Feminino,14,Médio,1,5.1
26,Nome_26,31,2492.35,Vendas,36.0,Bom,379.66,Feminino,20,Médio,1,3.5
27,Nome_27,26,12933.248783281195,TI,36.0,Regular,1108.4,Feminino,27,Médio,1,3.6
28,Nome_28,27,2130.13,TI,46.0,Excelente,1023.84,Feminino,13,Técnico,5,9.8
29,Nome_29,38,2823.51,RH,34.0,Bom,1188.04,Masculino,10,Técnico,10,1.4
30,Nome_30,69,3563.77,TI,33.0,Excelente,402.11,Masculino,10,Superior,5,1.2
31,Nome_31,34,7226.5,Vendas,37.0,Excelente,478.57,Feminino,17,Superior,1,9.4
32,Nome_32,69,3076.46,RH,30.0,Bom,113.91,Feminino,4,Médio,9,2.4
33,Nome_33,23,4599.67,RH,30.0,Bom,50.64,Feminino,6,Técnico,8,1.4
34,Nome_34,33,3950.71,Financeiro,38.0,Bom,710.9,Masculino,6,Superior,2,5.1
35,Nome_35,65,5500.43,RH,33.0,Excelente,1492.63,Feminino,2,Médio,9,8.9
36,Nome_36,18,,Vendas,36.0,nan,1400.22,Masculino,4,Técnico,13,3.8
37,Nome_37,36,11744.592974330488,Vendas,35.0,Regular,1330.62,Feminino,6,Técnico,10,9.4
38,Nome_38,53,2315.05,Financeiro,37.0,Bom,42.94,Feminino,27,Médio,13,8.8
39,Nome_39,42,5577.27,TI,49.0,Excelente,1897.04,Feminino,18,Superior,12,3.5
40,Nome_40,67,7350.81,Vendas,43.0,Bom,680.79,Masculino,1,Médio,12,4.9
41,Nome_41,69,6685.59,Vendas,48.0,Excelente,868.21,Masculino,28,Superior,7,9.3
42,Nome_42,47,9954.439804610967,Financeiro,47.0,nan,1602.51,Masculino,15,Superior,5,2.1
43,Nome_43,37,,Financeiro,33.0,Regular,183.06,Feminino,13,Técnico,11,1.6
44,Nome_44,37,3134.38,Financeiro,38.0,nan,353.71,Feminino,4,Técnico,9,2.7
45,Nome_45,32,7392.56,TI,45.0,Bom,651.22,Feminino,12,Técnico,12,3.0
46,Nome_46,57,2053.59,TI,41.0,Excelente,1686.77,Feminino,14,Técnico,13,2.6
47,Nome_47,50,2541.4,RH,33.0,Bom,1371.56,Feminino,5,Médio,10,1.3
48,Nome_48,19,,Vendas,,Regular,716.79,Masculino,28,Técnico,7,7.5
49,Nome_49,27,4294.64,TI,41.0,nan,1866.73,Masculino,11,Técnico,5,2.5
50,Nome_50,50,2579.38,RH,47.0,Regular,1567.4,Masculino,6,Superior,8,5.1
51,Nome_51,49,7909.6,TI,48.0,Bom,20.89,Masculino,10,Técnico,12,2.1
52,Nome_52,28,7379.49,Financeiro,40.0,nan,900.58,Feminino,26,Técnico,1,4.3
53,Nome_53,41,3626.68,RH,41.0,Excelente,850.14,Feminino,26,Médio,5,4.6
54,Nome_54,53,,TI,,Bom,471.2,Masculino,23,Técnico,4,9.2
55,Nome_55,29,4878.52,TI,36.0,Excelente,563.51,Feminino,22,Técnico,13,7.3
56,Nome_56,68,5050.34,Vendas,33.0,Regular,1365.69,Feminino,4,Médio,5,9.2
57,Nome_57,46,7803.56,TI,48.0,Bom,480.9,Feminino,13,Técnico,12,5.4
58,Nome_58,52,2599.75,Vendas,33.0,Excelente,1480.66,Masculino,28,Técnico,11,2.5
59,Nome_59,18,2237.9,Financeiro,31.0,nan,938.81,Masculino,26,Médio,10,4.7
60,Nome_60,18,4902.24,RH,40.0,Excelente,159.31,Masculino,13,Médio,10,6.3
61,Nome_61,54,4749.55,RH,31.0,Excelente,813.07,Feminino,18,Técnico,7,5.9
62,Nome_62,23,,RH,,Excelente,1583.03,Feminino,10,Técnico,2,9.1
63,Nome_63,56,2353.22,TI,39.0,Bom,258.52,Masculino,19,Médio,14,6.3
64,Nome_64,58,,RH,,Regular,1005.37,Masculino,11,Médio,4,3.3
65,Nome_65,35,7140.53,Vendas,49.0,Excelente,372.64,Feminino,28,Médio,3,9.6
66,Nome_66,33,4398.0,RH,32.0,Bom,1852.72,Masculino,27,Superior,14,2.6
67,Nome_67,22,4288.38,TI,48.0,Bom,1097.01,Feminino,21,Técnico,9,5.3
68,Nome_68,59,2131.84,TI,37.0,Regular,330.53,Masculino,1,Médio,14,9.0
69,Nome_69,60,4248.52,Vendas,38.0,Regular,1118.1,Masculino,13,Superior,6,7.4
70,Nome_70,49,5969.64,Vendas,35.0,Excelente,1917.18,Feminino,18,Técnico,1,5.8
71,Nome_71,19,5752.15,TI,44.0,Excelente,1659.53,Masculino,10,Técnico,7,7.2
72,Nome_72,19,7483.95,TI,49.0,Bom,680.21,Feminino,6,Médio,8,4.9
73,Nome_73,57,6030.77,Financeiro,36.0,Regular,1487.21,Masculino,3,Superior,9,4.6
74,Nome_74,59,3944.5,Financeiro,30.0,nan,1372.9,Masculino,2,Médio,3,6.7
75,Nome_75,53,3897.32,RH,38.0,Bom,1496.53,Feminino,25,Superior,9,7.6
76,Nome_76,56,6999.89,Financeiro,45.0,Excelente,966.97,Masculino,4,Superior,7,9.4
77,Nome_77,29,6654.82,TI,35.0,Regular,1838.04,Feminino,20,Médio,12,8.5
78,Nome_78,64,3686.92,Financeiro,33.0,Bom,745.14,Feminino,8,Técnico,5,9.6
79,Nome_79,36,6283.56,TI,44.0,nan,1925.08,Feminino,21,Técnico,9,2.0
80,Nome_80,45,5369.46,Financeiro,38.0,nan,244.85,Masculino,6,Técnico,13,9.9
81,Nome_81,18,4397.96,Vendas,39.0,Regular,1864.97,Feminino,23,Superior,11,2.8
82,Nome_82,32,5185.16,TI,34.0,Bom,1524.59,Feminino,12,Técnico,6,1.7
83,Nome_83,53,2511.4,RH,37.0,nan,1910.41,Masculino,19,Superior,10,6.9
84,Nome_84,30,5994.07,RH,31.0,nan,1107.27,Masculino,24,Técnico,5,7.1
85,Nome_85,60,2177.81,Financeiro,49.0,Bom,1873.37,Masculino,3,Médio,8,9.8
86,Nome_86,38,7335.72,Vendas,43.0,Excelente,339.22,Masculino,23,Médio,13,7.9
87,Nome_87,29,6092.71,TI,35.0,nan,59.79,Masculino,26,Superior,1,4.5
88,Nome_88,22,7347.89,RH,38.0,nan,1401.33,Feminino,19,Superior,5,6.4
89,Nome_89,24,2007.25,TI,39.0,nan,1726.98,Masculino,11,Técnico,9,6.5
90,Nome_90,22,7623.31,Financeiro,37.0,nan,1793.78,Masculino,12,Técnico,2,7.9
91,Nome_91,65,7749.84,TI,33.0,nan,122.94,Masculino,14,Superior,13,6.2
92,Nome_92,21,6777.92,TI,45.0,Regular,706.46,Feminino,17,Técnico,2,4.5
93,Nome_93,30,7952.44,Financeiro,35.0,Excelente,888.61,Feminino,10,Superior,8,7.1
94,Nome_94,54,4131.35,RH,39.0,nan,1852.45,Masculino,21,Técnico,10,3.2
95,Nome_95,58,7090.04,Vendas,41.0,nan,585.88,Feminino,28,Técnico,9,4.1
96,Nome_96,32,6624.05,Vendas,33.0,Bom,1376.75,Masculino,24,Superior,8,1.6
97,Nome_97,33,6323.17,Vendas,48.0,Bom,439.78,Feminino,2,Médio,6,8.3
98,Nome_98,38,,Financeiro,33.0,Regular,1225.45,Feminino,23,Médio,6,1.6
99,Nome_99,53,3844.26,TI,44.0,Regular,226.25,Masculino,20,Técnico,10,3.7
100,Nome_100,41,5223.67,Financeiro,39.0,Excelente,1509.09,Feminino,27,Superior,5,9.3
101,Nome_101,33,,Financeiro,,Excelente,89.1,Feminino,7,Técnico,13,6.0
102,Nome_102,31,2052.14,TI,45.0,nan,1996.69,Feminino,29,Técnico,9,3.0
103,Nome_103,39,2149.67,Vendas,45.0,Bom,1602.81,Masculino,29,Médio,2,9.9
104,Nome_104,66,11310.212946817386,Financeiro,39.0,Excelente,1225.39,Masculino,17,Médio,8,8.9
105,Nome_105,67,5082.56,Vendas,49.0,nan,1537.0,Masculino,18,Técnico,2,1.6
106,Nome_106,23,3335.95,RH,37.0,Bom,6.05,Feminino,6,Médio,10,3.1
107,Nome_107,59,4216.94,RH,37.0,Regular,856.79,Feminino,16,Técnico,6,6.8
108,Nome_108,53,2330.64,Vendas,35.0,nan,1187.24,Feminino,8,Médio,2,2.8
109,Nome_109,18,7467.18,Financeiro,41.0,nan,1952.4,Feminino,5,Técnico,4,5.8
110,Nome_110,49,7309.71,TI,42.0,Regular,731.73,Masculino,12,Médio,1,2.5
111,Nome_111,23,7383.66,Vendas,44.0,Bom,1940.98,Masculino,2,Superior,3,7.1
112,Nome_112,48,3993.15,Vendas,44.0,Regular,1031.1,Feminino,27,Técnico,11,5.8
113,Nome_113,18,6277.56,Financeiro,32.0,nan,138.76,Masculino,25,Técnico,12,9.7
114,Nome_114,67,4561.66,Vendas,31.0,Excelente,1233.0,Feminino,3,Médio,8,2.2
115,Nome_115,68,3810.15,Vendas,40.0,Bom,1644.17,Masculino,5,Técnico,10,5.8
116,Nome_116,54,2422.46,Financeiro,35.0,nan,1774.27,Masculino,11,Superior,5,3.8
117,Nome_117,52,4531.07,Vendas,44.0,Regular,1057.67,Masculino,12,Médio,10,6.5
118,Nome_118,66,4329.92,Vendas,30.0,Bom,889.63,Masculino,28,Superior,14,2.8
119,Nome_119,47,2962.36,Vendas,49.0,nan,1276.18,Feminino,18,Médio,2,9.3
120,Nome_120,21,4101.24,RH,37.0,Bom,124.82,Masculino,9,Médio,3,4.9
121,Nome_121,52,2573.72,RH,45.0,Excelente,1883.46,Masculino,1,Médio,4,4.9
122,Nome_122,60,7226.62,TI,45.0,Excelente,479.82,Feminino,4,Médio,7,8.1
123,Nome_123,31,6005.56,TI,31.0,Excelente,1254.75,Feminino,3,Superior,9,9.2
124,Nome_124,66,3156.31,TI,30.0,Bom,1207.09,Feminino,3,Técnico,6,5.4
125,Nome_125,57,7508.55,Financeiro,38.0,Excelente,1443.39,Feminino,14,Superior,14,7.9
126,Nome_126,39,5478.09,Financeiro,47.0,Bom,1707.06,Masculino,18,Técnico,7,2.3
127,Nome_127,27,4735.39,Financeiro,43.0,Bom,505.37,Masculino,13,Superior,2,3.3
128,Nome_128,18,5854.11,Vendas,44.0,Regular,413.85,Masculino,21,Médio,1,7.2
129,Nome_129,28,3524.15,Financeiro,30.0,nan,1492.46,Feminino,8,Médio,1,9.3
130,Nome_130,68,5306.47,TI,35.0,Excelente,372.98,Masculino,10,Superior,12,2.1
131,Nome_131,61,2791.42,TI,35.0,nan,1912.09,Masculino,24,Técnico,13,2.2
132,Nome_132,41,3203.1,TI,43.0,nan,394.51,Masculino,7,Médio,2,9.8
133,Nome_133,20,,Financeiro,33.0,Regular,1052.94,Feminino,23,Médio,11,1.8
134,Nome_134,52,2584.96,Financeiro,43.0,Excelente,1312.54,Feminino,29,Médio,11,1.4
135,Nome_135,53,7111.12,TI,33.0,nan,341.34,Masculino,20,Médio,14,5.8
136,Nome_136,48,4373.26,RH,38.0,Bom,771.89,Masculino,25,Superior,6,3.0
137,Nome_137,21,3398.47,TI,33.0,nan,1558.15,Masculino,15,Médio,11,3.7
138,Nome_138,36,5512.59,Financeiro,39.0,Bom,600.31,Masculino,14,Superior,8,6.6
139,Nome_139,64,6481.02,Financeiro,41.0,Bom,688.4,Masculino,1,Técnico,8,4.2
140,Nome_140,53,5653.93,TI,33.0,Bom,408.24,Feminino,29,Técnico,1,10.0
141,Nome_141,38,5474.07,Vendas,41.0,Regular,1517.1,Feminino,21,Superior,5,3.1
142,Nome_142,35,3020.6,RH,41.0,Excelente,478.96,Feminino,5,Superior,5,8.8
143,Nome_143,68,6118.17,RH,49.0,nan,541.68,Feminino,1,Superior,4,8.9
144,Nome_144,45,7860.81,Financeiro,40.0,Regular,981.76,Feminino,5,Técnico,9,4.9
145,Nome_145,32,5651.56,Financeiro,40.0,Excelente,383.58,Masculino,19,Superior,8,10.0
146,Nome_146,59,,Financeiro,,Bom,459.25,Masculino,19,Médio,8,3.5
147,Nome_147,19,6816.15,TI,42.0,Excelente,1852.46,Masculino,4,Médio,14,1.8
148,Nome_148,54,7018.18,Financeiro,32.0,nan,1604.16,Feminino,26,Médio,5,6.1
149,Nome_149,28,4491.68,Financeiro,35.0,Regular,537.22,Feminino,28,Superior,3,1.1
150,Nome_150,40,4493.65,Financeiro,45.0,Regular,1398.22,Masculino,16,Superior,3,5.3
151,Nome_151,61,7619.7,RH,42.0,Bom,728.51,Masculino,25,Técnico,3,8.5
152,Nome_152,58,9309.565436445158,RH,47.0,Bom,850.05,Feminino,23,Superior,5,4.8
153,Nome_153,29,2197.41,Vendas,45.0,Bom,1411.72,Masculino,3,Superior,11,2.8
154,Nome_154,20,,Vendas,39.0,nan,1610.92,Feminino,24,Médio,13,3.3
155,Nome_155,69,,Financeiro,38.0,Excelente,527.11,Feminino,2,Médio,13,9.2
156,Nome_156,34,7871.29,RH,33.0,Regular,347.51,Feminino,22,Superior,2,7.0
157,Nome_157,50,5451.27,RH,44.0,Bom,879.8,Masculino,11,Médio,3,2.5
158,Nome_158,18,5862.07,RH,46.0,Regular,503.2,Feminino,21,Médio,5,5.2
159,Nome_159,56,4186.78,RH,36.0,Bom,1607.69,Feminino,9,Superior,5,6.5
160,Nome_160,37,6006.29,Vendas,49.0,Excelente,337.83,Feminino,10,Técnico,11,5.5
161,Nome_161,64,5431.06,TI,31.0,Regular,653.55,Feminino,16,Médio,3,8.1
162,Nome_162,60,6648.1,RH,45.0,Excelente,386.4,Feminino,28,Técnico,8,1.1
163,Nome_163,69,7400.61,RH,41.0,Bom,66.29,Masculino,14,Médio,11,3.5
164,Nome_164,58,,RH,37.0,Regular,1167.92,Masculino,25,Médio,4,6.2
165,Nome_165,31,7372.07,RH,38.0,nan,1560.07,Masculino,16,Médio,3,5.9
166,Nome_166,48,,TI,33.0,nan,1635.46,Masculino,20,Médio,2,1.9
167,Nome_167,42,,TI,41.0,nan,1376.94,Masculino,15,Técnico,8,2.6
168,Nome_168,20,3386.42,Financeiro,37.0,Excelente,1525.61,Masculino,7,Superior,1,7.8
169,Nome_169,21,5233.21,Vendas,39.0,Excelente,887.13,Masculino,6,Médio,13,5.8
170,Nome_170,48,,RH,43.0,Bom,228.61,Feminino,4,Médio,11,6.8
171,Nome_171,52,6479.51,RH,36.0,Bom,544.13,Feminino,12,Médio,12,8.4
172,Nome_172,61,6328.58,Financeiro,37.0,Regular,1121.47,Masculino,7,Médio,5,6.3
173,Nome_173,31,4897.35,TI,38.0,Regular,1859.76,Masculino,29,Superior,5,3.8
174,Nome_174,66,,Financeiro,35.0,Excelente,1359.92,Feminino,4,Técnico,10,5.7
175,Nome_175,58,3233.4,TI,36.0,nan,369.6,Feminino,11,Técnico,6,2.2
176,Nome_176,26,5212.81,Vendas,33.0,Bom,929.09,Feminino,14,Técnico,12,3.4
177,Nome_177,37,4626.89,Financeiro,37.0,Bom,1674.8,Feminino,18,Superior,5,6.9
178,Nome_178,49,7849.94,Financeiro,48.0,Excelente,193.54,Feminino,10,Técnico,10,1.4
179,Nome_179,26,3804.94,RH,41.0,Excelente,158.32,Feminino,15,Técnico,4,1.0
180,Nome_180,44,2473.82,Financeiro,48.0,Bom,1874.98,Masculino,9,Superior,14,9.0
181,Nome_181,20,6361.27,TI,49.0,Excelente,1746.86,Feminino,19,Superior,14,9.7
182,Nome_182,21,7852.54,TI,47.0,Bom,857.29,Masculino,4,Superior,12,9.2
183,Nome_183,62,6692.54,Financeiro,41.0,nan,1448.08,Masculino,6,Médio,3,2.9
184,Nome_184,32,3482.27,TI,31.0,Bom,1568.71,Masculino,24,Técnico,12,7.8
185,Nome_185,50,2219.37,Financeiro,46.0,Bom,660.72,Feminino,3,Técnico,2,5.1
186,Nome_186,22,4441.53,Vendas,44.0,nan,872.47,Masculino,15,Superior,12,1.6
187,Nome_187,21,7266.5,RH,40.0,nan,1721.33,Feminino,20,Médio,12,8.2
188,Nome_188,63,4591.96,Vendas,40.0,Regular,26.74,Masculino,20,Superior,6,8.3
189,Nome_189,29,,Vendas,46.0,nan,676.62,Masculino,26,Médio,4,7.5
190,Nome_190,40,7611.81,RH,45.0,Excelente,1941.42,Masculino,6,Superior,14,10.0
191,Nome_191,31,6633.59,RH,31.0,Regular,916.44,Masculino,24,Médio,6,9.9
192,Nome_192,63,5665.92,RH,40.0,nan,810.84,Feminino,13,Superior,8,2.6
193,Nome_193,29,2016.06,Financeiro,30.0,nan,65.09,Feminino,15,Técnico,11,8.2
194,Nome_194,34,7589.03,TI,49.0,Bom,1457.7,Masculino,17,Superior,13,6.9
195,Nome_195,42,6043.02,Financeiro,45.0,Bom,1882.17,Masculino,2,Médio,4,7.5
196,Nome_196,47,3346.8,TI,46.0,Excelente,1395.48,Feminino,24,Médio,9,9.9
197,Nome_197,39,2148.52,Financeiro,38.0,nan,1314.79,Masculino,28,Superior,14,8.5
198,Nome_198,64,2044.81,TI,39.0,Bom,1864.09,Feminino,25,Técnico,6,4.5
199,Nome_199,43,7564.42,TI,41.0,Excelente,308.07,Feminino,7,Técnico,13,9.4
200,Nome_200,34,6158.92,Vendas,30.0,Regular,208.09,Feminino,4,Técnico,8,8.9
201,Nome_201,37,,Financeiro,,nan,1371.22,Masculino,23,Técnico,9,7.4
202,Nome_202,51,5576.39,RH,37.0,Regular,147.29,Masculino,2,Médio,14,9.4
203,Nome_203,58,,Financeiro,32.0,nan,1817.66,Feminino,15,Médio,4,5.2
204,Nome_204,50,4733.47,RH,36.0,nan,1369.71,Feminino,28,Técnico,11,7.4
205,Nome_205,54,5601.16,Financeiro,33.0,nan,1551.17,Feminino,1,Técnico,10,1.0
206,Nome_206,24,5924.49,Vendas,43.0,nan,1795.94,Feminino,12,Superior,6,6.1
207,Nome_207,39,4238.24,TI,41.0,nan,165.29,Masculino,10,Técnico,14,7.5
208,Nome_208,49,6009.4,RH,41.0,Excelente,673.94,Masculino,4,Superior,6,4.4
209,Nome_209,31,4741.31,TI,35.0,Bom,1108.33,Feminino,15,Técnico,5,8.8
210,Nome_210,25,10368.065145452867,TI,46.0,Regular,1707.67,Feminino,1,Médio,4,5.4
211,Nome_211,42,3399.04,TI,46.0,nan,1111.98,Masculino,27,Técnico,9,3.5
212,Nome_212,33,2488.23,Vendas,43.0,Bom,1148.3,Masculino,27,Superior,12,5.9
213,Nome_213,59,3932.1,Financeiro,38.0,nan,1146.11,Feminino,13,Médio,10,9.1
214,Nome_214,36,5667.96,TI,36.0,nan,1331.49,Masculino,21,Médio,12,7.1
215,Nome_215,58,4205.76,Vendas,42.0,Regular,1448.19,Feminino,26,Técnico,9,9.6
216,Nome_216,33,6357.36,Vendas,40.0,nan,1372.09,Feminino,14,Superior,1,5.0
217,Nome_217,29,6068.36,Vendas,34.0,Excelente,276.32,Masculino,15,Superior,12,6.9
218,Nome_218,56,2868.15,Financeiro,38.0,Regular,1981.27,Masculino,20,Superior,12,6.7
219,Nome_219,65,3008.26,RH,39.0,Excelente,1704.05,Feminino,20,Médio,5,3.2
220,Nome_220,47,2386.61,TI,45.0,nan,945.25,Masculino,23,Médio,3,7.7
221,Nome_221,19,3586.0,Vendas,30.0,Bom,1286.9,Feminino,28,Técnico,6,1.6
222,Nome_222,49,4090.14,RH,37.0,Excelente,534.58,Masculino,18,Superior,10,6.2
223,Nome_223,62,,RH,,nan,1659.82,Feminino,7,Superior,11,2.6
224,Nome_224,42,5613.38,Vendas,36.0,Excelente,1202.05,Feminino,16,Médio,12,2.7
225,Nome_225,42,6286.25,Financeiro,49.0,Bom,525.22,Masculino,2,Médio,3,9.8
226,Nome_226,21,2943.33,RH,45.0,Bom,1681.67,Masculino,14,Superior,6,4.5
227,Nome_227,36,4052.83,Financeiro,42.0,Bom,196.91,Feminino,23,Técnico,2,5.7
228,Nome_228,65,6363.5,Financeiro,30.0,Bom,510.32,Feminino,12,Técnico,11,7.0
229,Nome_229,21,5979.91,RH,48.0,nan,674.84,Masculino,1,Técnico,10,5.5
230,Nome_230,60,7126.76,RH,47.0,nan,248.4,Masculino,26,Médio,9,7.5
231,Nome_231,30,5327.62,RH,37.0,Bom,928.6,Feminino,23,Técnico,9,1.2
232,Nome_232,56,2154.54,Financeiro,31.0,Excelente,1531.46,Masculino,15,Médio,4,7.1
233,Nome_233,53,2343.92,Financeiro,42.0,Bom,814.36,Masculino,15,Superior,7,3.9
234,Nome_234,40,2480.37,RH,46.0,Regular,1389.76,Masculino,5,Superior,3,8.9
235,Nome_235,23,5102.82,Vendas,48.0,nan,388.07,Feminino,25,Superior,14,2.3
236,Nome_236,41,6530.64,Vendas,37.0,Regular,1654.06,Feminino,6,Superior,6,1.3
237,Nome_237,61,2193.64,Financeiro,38.0,Excelente,340.97,Masculino,11,Médio,9,1.5
238,Nome_238,50,4740.13,Vendas,38.0,Bom,1402.5,Feminino,4,Superior,14,5.7
239,Nome_239,29,6948.79,RH,46.0,Regular,563.18,Masculino,5,Superior,3,2.9
240,Nome_240,58,6011.64,Financeiro,44.0,Regular,1634.17,Feminino,21,Técnico,6,7.8
241,Nome_241,38,5275.51,Vendas,44.0,Bom,1929.28,Masculino,29,Médio,1,1.5
242,Nome_242,28,5532.87,Financeiro,37.0,Regular,1554.05,Masculino,21,Superior,8,3.1
243,Nome_243,61,7378.88,Vendas,34.0,Regular,107.93,Masculino,6,Médio,12,8.5
244,Nome_244,55,5450.47,Vendas,46.0,nan,78.78,Masculino,12,Médio,1,1.4
245,Nome_245,46,4530.92,TI,36.0,Bom,42.03,Feminino,29,Médio,9,8.1
246,Nome_246,65,6217.71,Vendas,40.0,nan,1870.37,Feminino,14,Médio,10,2.0
247,Nome_247,58,4143.24,TI,36.0,nan,357.83,Feminino,13,Técnico,12,8.6
248,Nome_248,20,7837.47,RH,34.0,Bom,1708.69,Feminino,8,Superior,13,8.1
249,Nome_249,45,7233.82,TI,46.0,Regular,1466.83,Masculino,25,Superior,3,3.0
250,Nome_250,37,2939.92,Financeiro,32.0,Bom,1351.95,Masculino,6,Médio,13,4.6
251,Nome_251,43,6104.75,RH,45.0,Bom,94.02,Masculino,26,Técnico,14,5.1
252,Nome_252,41,2204.42,TI,45.0,Bom,1139.68,Masculino,11,Técnico,5,4.5
253,Nome_253,69,7311.24,RH,44.0,Bom,1946.51,Feminino,4,Técnico,2,2.9
254,Nome_254,64,7069.12,Vendas,45.0,Regular,1292.99,Feminino,3,Médio,13,3.0
255,Nome_255,38,,RH,37.0,nan,578.29,Masculino,27,Médio,1,7.2
256,Nome_256,47,2766.13,Vendas,45.0,Regular,1535.22,Feminino,2,Superior,2,2.4
257,Nome_257,21,5728.84,Financeiro,44.0,Excelente,970.48,Feminino,12,Técnico,10,3.5
258,Nome_258,53,3436.02,Vendas,40.0,nan,233.86,Feminino,17,Superior,14,1.6
259,Nome_259,57,5785.23,Vendas,34.0,Bom,1752.36,Feminino,8,Superior,10,3.0
260,Nome_260,27,6162.47,Vendas,39.0,Regular,1609.05,Masculino,18,Técnico,12,1.3
261,Nome_261,27,2637.53,TI,38.0,Bom,53.44,Masculino,21,Médio,5,7.3
262,Nome_262,59,4861.68,Financeiro,41.0,Bom,81.42,Masculino,15,Médio,2,4.6
263,Nome_263,41,5513.56,RH,33.0,Bom,377.4,Masculino,21,Técnico,14,4.4
264,Nome_264,21,3521.75,Vendas,42.0,Regular,1726.07,Feminino,27,Superior,9,5.4
265,Nome_265,64,3206.06,RH,32.0,Excelente,389.13,Masculino,17,Técnico,9,3.4
266,Nome_266,44,5827.13,RH,32.0,Bom,1843.45,Masculino,8,Superior,10,4.2
267,Nome_267,68,6564.46,Vendas,43.0,nan,1021.73,Masculino,19,Técnico,12,6.3
268,Nome_268,62,4154.66,TI,48.0,Excelente,574.5,Masculino,22,Técnico,3,3.0
269,Nome_269,21,6253.39,Financeiro,45.0,Bom,250.07,Feminino,23,Técnico,2,5.2
270,Nome_270,49,5524.25,Vendas,31.0,Regular,1159.9,Feminino,5,Técnico,7,6.2
271,Nome_271,27,6857.56,Vendas,34.0,Excelente,1793.06,Feminino,4,Médio,3,2.2
272,Nome_272,28,3224.43,Financeiro,34.0,Regular,1240.73,Feminino,18,Técnico,6,3.8
273,Nome_273,45,6778.38,TI,47.0,Bom,868.61,Feminino,17,Superior,4,6.0
274,Nome_274,63,3598.45,Financeiro,41.0,nan,1250.02,Masculino,10,Superior,2,4.6
275,Nome_275,25,3789.59,Vendas,42.0,Bom,1469.48,Feminino,10,Superior,8,7.4
276,Nome_276,57,7869.03,Financeiro,32.0,Regular,478.32,Feminino,3,Técnico,10,3.1
277,Nome_277,39,2276.08,RH,48.0,Bom,540.0,Feminino,7,Médio,9,5.2
278,Nome_278,51,3138.52,RH,39.0,Bom,1784.71,Feminino,24,Superior,2,8.4
279,Nome_279,62,5125.25,RH,34.0,Excelente,1561.4,Masculino,13,Médio,10,2.3
280,Nome_280,52,4255.97,TI,41.0,Regular,1452.93,Masculino,17,Superior,10,9.1
281,Nome_281,52,3452.6,RH,39.0,Excelente,1341.2,Feminino,18,Médio,14,5.0
282,Nome_282,42,6107.32,Financeiro,36.0,Regular,1038.68,Masculino,9,Superior,1,5.3
283,Nome_283,51,6015.42,TI,47.0,Regular,724.83,Masculino,24,Médio,3,6.7
284,Nome_284,23,7782.45,Financeiro,48.0,Regular,783.59,Feminino,15,Técnico,1,5.9
285,Nome_285,58,7271.6,TI,45.0,Excelente,158.7,Feminino,25,Médio,1,8.4
286,Nome_286,54,7984.62,Financeiro,42.0,Excelente,1772.38,Masculino,5,Superior,2,2.7
287,Nome_287,18,4177.33,Vendas,36.0,Excelente,42.04,Masculino,24,Superior,10,2.2
288,Nome_288,29,2271.41,TI,48.0,nan,1689.45,Masculino,10,Técnico,6,3.4
289,Nome_289,52,3951.78,Vendas,46.0,Bom,911.1,Feminino,7,Superior,5,10.0
290,Nome_290,23,4981.49,Vendas,41.0,Regular,368.57,Feminino,9,Médio,14,1.9
291,Nome_291,34,3033.17,Vendas,30.0,Regular,1245.98,Masculino,25,Técnico,6,5.8
292,Nome_292,26,2510.46,Vendas,36.0,Bom,1026.28,Feminino,18,Superior,5,8.0
293,Nome_293,19,,Vendas,36.0,nan,1281.36,Masculino,10,Superior,12,8.5
294,Nome_294,35,7595.99,Vendas,32.0,Regular,731.54,Feminino,26,Médio,13,9.6
295,Nome_295,66,6578.99,Financeiro,49.0,Regular,1597.12,Feminino,27,Médio,10,10.0
296,Nome_296,53,3868.92,RH,42.0,Excelente,856.46,Masculino,2,Médio,12,6.0
297,Nome_297,45,7331.69,TI,48.0,nan,776.98,Masculino,5,Médio,3,3.2
298,Nome_298,58,6183.65,Financeiro,30.0,Excelente,1252.76,Masculino,1,Superior,6,5.7
299,Nome_299,54,4780.06,Financeiro,39.0,nan,1672.17,Masculino,27,Médio,5,7.6
300,Nome_300,66,3587.72,Financeiro,47.0,Regular,175.41,Masculino,10,Técnico,7,5.3
301,Nome_301,43,5453.2,Financeiro,40.0,Excelente,874.89,Masculino,15,Técnico,14,3.5
302,Nome_302,21,3169.41,RH,34.0,Regular,945.96,Masculino,23,Superior,5,8.4
303,Nome_303,57,6447.39,RH,34.0,Regular,1063.88,Feminino,28,Médio,2,8.5
304,Nome_304,53,12641.102475850068,TI,48.0,Excelente,651.95,Feminino,27,Superior,10,6.0
305,Nome_305,68,5955.61,TI,35.0,Bom,367.26,Feminino,3,Superior,9,6.4
306,Nome_306,48,6349.96,Financeiro,44.0,Regular,456.99,Masculino,6,Técnico,7,5.6
307,Nome_307,47,2986.93,TI,40.0,nan,493.31,Masculino,8,Médio,7,8.0
308,Nome_308,67,6489.34,Vendas,48.0,nan,828.34,Masculino,19,Superior,8,9.0
309,Nome_309,51,4984.14,Financeiro,49.0,nan,1107.61,Feminino,19,Técnico,7,1.0
310,Nome_310,36,2524.3,TI,32.0,Regular,663.63,Feminino,25,Técnico,1,9.8
311,Nome_311,35,4318.68,TI,33.0,Regular,1651.29,Masculino,16,Superior,5,4.1
312,Nome_312,47,6376.69,Vendas,38.0,Excelente,951.72,Masculino,7,Médio,13,4.6
313,Nome_313,38,5469.26,Financeiro,48.0,nan,611.67,Masculino,17,Médio,4,4.3
314,Nome_314,20,3838.3,RH,34.0,Bom,691.27,Masculino,19,Superior,14,8.6
315,Nome_315,23,7932.49,Financeiro,37.0,Excelente,1978.55,Feminino,4,Técnico,8,7.6
316,Nome_316,55,5444.19,RH,40.0,Regular,1323.06,Feminino,18,Médio,13,2.6
317,Nome_317,30,7669.7,TI,33.0,Excelente,819.35,Masculino,6,Superior,10,4.7
318,Nome_318,62,5358.65,RH,45.0,nan,1793.7,Feminino,6,Médio,10,1.0
319,Nome_319,20,5388.0,Financeiro,44.0,Bom,1529.22,Feminino,27,Superior,12,8.2
320,Nome_320,65,2307.02,TI,43.0,nan,1729.23,Masculino,3,Médio,11,3.1
321,Nome_321,45,2624.47,RH,33.0,Regular,322.23,Feminino,2,Técnico,3,1.7
322,Nome_322,39,5686.63,RH,33.0,Bom,1604.84,Masculino,25,Superior,10,6.9
323,Nome_323,57,6389.8,Financeiro,36.0,Bom,960.23,Feminino,22,Superior,7,3.0
324,Nome_324,57,3464.19,TI,32.0,Regular,136.3,Feminino,11,Superior,1,5.9
325,Nome_325,29,10302.845040497636,TI,35.0,Excelente,184.07,Masculino,3,Superior,14,2.5
326,Nome_326,40,6447.43,RH,33.0,Regular,1146.8,Masculino,11,Médio,14,8.1
327,Nome_327,48,3428.07,RH,33.0,Regular,777.43,Feminino,3,Superior,3,9.8
328,Nome_328,35,5866.52,RH,37.0,Excelente,141.65,Feminino,2,Técnico,7,2.0
329,Nome_329,24,4038.54,Vendas,48.0,Bom,872.73,Feminino,1,Médio,9,8.6
330,Nome_330,25,6364.88,TI,32.0,nan,1584.3,Feminino,12,Médio,8,5.4
331,Nome_331,36,5507.56,RH,46.0,nan,430.02,Feminino,26,Superior,2,1.5
332,Nome_332,46,6539.92,RH,37.0,nan,1445.09,Masculino,12,Técnico,2,5.7
333,Nome_333,61,3508.78,TI,40.0,Regular,852.62,Feminino,23,Técnico,1,5.3
334,Nome_334,37,7593.77,Vendas,43.0,Regular,657.39,Masculino,8,Médio,2,9.0
335,Nome_335,67,7958.01,TI,46.0,nan,835.51,Masculino,4,Superior,5,4.1
336,Nome_336,59,12857.689656134087,Vendas,35.0,Regular,1271.81,Feminino,18,Médio,2,7.8
337,Nome_337,47,5077.43,Financeiro,38.0,Excelente,765.86,Feminino,9,Superior,13,2.2
338,Nome_338,64,7180.86,TI,41.0,Regular,1066.91,Masculino,9,Técnico,12,4.5
339,Nome_339,39,4086.19,TI,31.0,nan,149.68,Masculino,6,Superior,1,5.9
340,Nome_340,27,,Financeiro,,nan,1327.96,Feminino,1,Superior,11,2.6
341,Nome_341,43,6386.39,TI,35.0,Regular,289.16,Masculino,2,Superior,4,2.8
342,Nome_342,68,7865.11,Financeiro,38.0,Bom,337.84,Feminino,10,Médio,14,3.2
343,Nome_343,50,5022.49,Vendas,40.0,Regular,1393.16,Masculino,5,Médio,9,7.7
344,Nome_344,45,4354.58,TI,37.0,Bom,1981.96,Feminino,15,Médio,11,9.5
345,Nome_345,27,4351.6,Financeiro,34.0,Excelente,1807.21,Feminino,18,Médio,13,2.1
346,Nome_346,46,6767.04,RH,48.0,Excelente,914.8,Masculino,29,Médio,11,5.9
347,Nome_347,61,6236.37,Vendas,45.0,Bom,605.63,Feminino,28,Técnico,5,2.3
348,Nome_348,35,3913.5,Vendas,32.0,Bom,890.05,Feminino,18,Técnico,10,1.5
349,Nome_349,59,7847.53,RH,39.0,Bom,1119.43,Masculino,5,Superior,2,1.4
350,Nome_350,18,7349.48,RH,30.0,Bom,527.98,Feminino,1,Técnico,5,4.9
351,Nome_351,40,6205.57,Financeiro,47.0,Excelente,1443.38,Masculino,14,Médio,12,4.8
352,Nome_352,34,4644.66,RH,34.0,Excelente,48.16,Feminino,20,Superior,11,7.0
353,Nome_353,60,3243.78,TI,49.0,Regular,1885.21,Feminino,26,Técnico,7,4.5
354,Nome_354,54,5989.79,Financeiro,30.0,nan,1452.01,Feminino,8,Superior,5,3.1
355,Nome_355,48,6523.34,Vendas,43.0,Bom,1746.12,Feminino,27,Médio,12,1.9
356,Nome_356,42,5624.47,TI,48.0,Bom,677.09,Feminino,7,Médio,3,6.1
357,Nome_357,21,4973.7,TI,35.0,Bom,1863.98,Masculino,28,Técnico,8,3.0
358,Nome_358,69,2708.25,Vendas,31.0,Regular,1980.24,Feminino,14,Médio,12,4.4
359,Nome_359,26,6708.38,TI,32.0,nan,358.89,Masculino,4,Superior,5,1.2
360,Nome_360,45,4949.55,Vendas,31.0,Bom,1148.73,Masculino,5,Superior,11,3.2
361,Nome_361,47,7124.69,Vendas,43.0,Bom,1733.55,Masculino,2,Superior,3,6.9
362,Nome_362,64,2808.91,Vendas,32.0,Regular,97.33,Masculino,13,Técnico,12,2.1
363,Nome_363,41,7790.54,Vendas,44.0,Bom,1551.64,Masculino,20,Superior,6,7.0
364,Nome_364,50,4947.21,Financeiro,40.0,nan,69.91,Feminino,9,Superior,10,8.7
365,Nome_365,37,2434.1,TI,39.0,nan,1309.44,Feminino,2,Médio,3,8.8
366,Nome_366,26,3680.68,RH,37.0,Bom,191.42,Masculino,2,Técnico,14,2.4
367,Nome_367,25,7415.48,Financeiro,42.0,Regular,200.87,Masculino,24,Técnico,12,5.2
368,Nome_368,41,4004.11,RH,34.0,nan,575.06,Feminino,23,Técnico,10,9.1
369,Nome_369,31,7820.47,Financeiro,36.0,Regular,747.34,Feminino,26,Técnico,7,7.6
370,Nome_370,35,,TI,47.0,nan,1012.21,Feminino,25,Médio,6,8.8
371,Nome_371,18,4202.28,Vendas,35.0,Excelente,135.17,Masculino,4,Técnico,9,4.5
372,Nome_372,29,6738.62,RH,43.0,nan,783.33,Feminino,11,Técnico,12,5.5
373,Nome_373,46,4802.72,Financeiro,43.0,Bom,1914.79,Masculino,28,Superior,11,9.1
374,Nome_374,54,2453.4,TI,38.0,nan,955.65,Masculino,9,Técnico,9,4.9
375,Nome_375,43,6973.05,TI,48.0,Bom,1950.82,Feminino,21,Técnico,8,7.0
376,Nome_376,50,6742.77,Financeiro,39.0,nan,1891.84,Feminino,13,Médio,13,4.8
377,Nome_377,60,,Vendas,,nan,545.33,Masculino,14,Técnico,9,7.4
378,Nome_378,32,2058.1,Financeiro,38.0,nan,1628.77,Feminino,27,Técnico,9,6.5
379,Nome_379,40,2818.14,Financeiro,37.0,Bom,693.05,Masculino,13,Médio,1,5.0
380,Nome_380,46,6271.94,Financeiro,42.0,Excelente,1291.03,Feminino,25,Médio,2,5.9
381,Nome_381,38,5545.15,Vendas,39.0,nan,651.82,Feminino,3,Técnico,14,6.4
382,Nome_382,36,6200.27,RH,47.0,Excelente,393.35,Feminino,17,Médio,14,8.9
383,Nome_383,22,4165.61,Financeiro,47.0,nan,1158.14,Feminino,26,Técnico,10,7.1
384,Nome_384,40,5776.26,TI,47.0,Regular,1701.4,Feminino,29,Superior,10,7.4
385,Nome_385,53,4608.96,RH,38.0,Regular,1914.09,Feminino,6,Médio,8,9.7
386,Nome_386,37,4482.81,TI,49.0,nan,525.05,Feminino,24,Médio,9,1.6
387,Nome_387,25,,TI,,Bom,1359.08,Masculino,16,Médio,11,2.7
388,Nome_388,26,2192.33,Financeiro,43.0,Regular,1650.74,Feminino,23,Técnico,6,3.9
389,Nome_389,31,12134.161903220313,RH,31.0,Bom,423.34,Masculino,2,Superior,3,9.5
390,Nome_390,23,7095.91,Financeiro,43.0,nan,1024.07,Feminino,12,Superior,9,3.1
391,Nome_391,18,6173.15,TI,31.0,Regular,1811.03,Feminino,7,Técnico,9,6.1
392,Nome_392,26,3382.47,Financeiro,30.0,Excelente,1729.77,Masculino,7,Médio,11,2.1
393,Nome_393,33,2708.76,Vendas,41.0,Bom,22.58,Masculino,18,Superior,8,3.4
394,Nome_394,33,2244.26,Vendas,36.0,Bom,1248.33,Feminino,29,Superior,4,3.5
395,Nome_395,29,4878.24,Financeiro,32.0,Regular,1270.79,Masculino,12,Técnico,7,7.4
396,Nome_396,22,5527.8,Financeiro,44.0,nan,1982.18,Masculino,21,Médio,13,2.0
397,Nome_397,57,7387.74,Financeiro,36.0,nan,1377.02,Masculino,13,Médio,1,7.8
398,Nome_398,46,7521.63,Financeiro,34.0,Excelente,1079.5,Masculino,5,Superior,6,3.7
399,Nome_399,63,4197.47,Financeiro,47.0,Regular,364.22,Feminino,9,Médio,1,7.6
400,Nome_400,44,7585.04,Vendas,46.0,Bom,528.08,Feminino,16,Técnico,10,4.3
401,Nome_401,28,,RH,42.0,Regular,1639.69,Feminino,6,Técnico,2,4.8
402,Nome_402,64,,Financeiro,,Excelente,139.15,Feminino,29,Superior,9,2.1
403,Nome_403,67,3071.81,RH,37.0,Regular,28.34,Feminino,20,Técnico,4,2.0
404,Nome_404,45,2695.17,Financeiro,46.0,Regular,1222.72,Masculino,16,Superior,7,5.9
405,Nome_405,69,3466.26,RH,46.0,Excelente,1352.27,Masculino,20,Médio,12,6.7
406,Nome_406,53,,Vendas,30.0,nan,1651.48,Feminino,3,Superior,14,1.8
407,Nome_407,59,9036.789471003338,TI,36.0,nan,1060.45,Feminino,21,Técnico,14,2.3
408,Nome_408,36,5238.88,RH,39.0,Bom,1684.74,Feminino,25,Superior,10,1.3
409,Nome_409,52,7209.53,Vendas,45.0,Regular,1650.42,Masculino,13,Médio,5,2.5
410,Nome_410,69,6769.93,RH,34.0,Excelente,779.25,Feminino,14,Técnico,1,3.0
411,Nome_411,48,2194.14,Vendas,36.0,Excelente,181.62,Masculino,20,Médio,4,7.2
412,Nome_412,61,6191.34,TI,40.0,Regular,1525.91,Masculino,2,Superior,4,1.6
413,Nome_413,36,,Vendas,45.0,Regular,1930.29,Masculino,7,Superior,6,7.2
414,Nome_414,63,7988.15,Financeiro,36.0,Excelente,1756.72,Masculino,29,Técnico,7,4.6
415,Nome_415,41,6704.69,Financeiro,36.0,Excelente,1266.6,Masculino,17,Médio,1,2.3
416,Nome_416,19,3388.29,RH,46.0,Regular,192.17,Feminino,20,Médio,6,9.8
417,Nome_417,24,,Financeiro,,nan,1184.38,Masculino,5,Superior,5,5.5
418,Nome_418,60,6464.61,Financeiro,35.0,nan,31.4,Feminino,16,Técnico,10,3.6
419,Nome_419,66,7038.84,TI,48.0,Bom,1183.95,Masculino,6,Médio,1,1.5
420,Nome_420,48,3373.14,Financeiro,32.0,Bom,1667.41,Feminino,23,Superior,13,3.8
421,Nome_421,34,2803.69,Financeiro,43.0,Excelente,1482.91,Masculino,7,Superior,3,6.5
422,Nome_422,44,,RH,,Regular,1231.4,Masculino,11,Superior,11,3.2
423,Nome_423,53,9788.425444449522,Financeiro,30.0,Bom,241.1,Masculino,10,Médio,5,6.1
424,Nome_424,67,7257.71,Financeiro,49.0,Regular,345.61,Masculino,23,Médio,6,3.5
425,Nome_425,60,3394.3,Vendas,42.0,nan,1690.23,Masculino,20,Superior,2,1.4
426,Nome_426,27,2772.18,Vendas,42.0,nan,1182.96,Masculino,27,Superior,1,4.7
427,Nome_427,62,4101.95,RH,42.0,nan,1043.78,Masculino,20,Médio,8,4.2
428,Nome_428,31,3516.2,RH,35.0,Bom,416.25,Feminino,22,Técnico,7,3.2
429,Nome_429,24,2436.52,RH,32.0,Regular,848.81,Feminino,10,Técnico,4,5.8
430,Nome_430,56,5866.87,Financeiro,36.0,Bom,1161.76,Feminino,27,Médio,9,4.5
431,Nome_431,57,3507.27,Financeiro,46.0,Excelente,1256.19,Masculino,11,Médio,2,9.5
432,Nome_432,26,10471.981337072973,Financeiro,32.0,Regular,1406.9,Feminino,10,Superior,3,6.6
433,Nome_433,31,,Financeiro,,Excelente,1496.51,Masculino,14,Técnico,7,4.2
434,Nome_434,25,7527.15,Financeiro,43.0,Bom,1241.72,Feminino,10,Superior,14,2.9
435,Nome_435,34,9082.987081511406,Financeiro,44.0,nan,311.17,Masculino,2,Médio,1,7.0
436,Nome_436,40,7279.14,Vendas,47.0,Bom,1084.64,Masculino,28,Superior,6,9.3
437,Nome_437,33,2264.1,RH,32.0,nan,149.63,Masculino,22,Técnico,5,6.6
438,Nome_438,43,5214.81,RH,41.0,Regular,1181.6,Feminino,24,Superior,1,8.5
439,Nome_439,26,,Financeiro,43.0,nan,1958.81,Masculino,20,Superior,6,7.2
440,Nome_440,53,3956.71,TI,47.0,Bom,534.49,Masculino,1,Superior,9,9.5
441,Nome_441,24,3801.14,Vendas,32.0,Regular,783.68,Masculino,3,Médio,7,4.7
442,Nome_442,35,3600.73,RH,43.0,Bom,545.12,Feminino,27,Técnico,3,8.0
443,Nome_443,25,3197.18,Vendas,31.0,Excelente,1117.82,Feminino,22,Técnico,3,5.6
444,Nome_444,38,4955.79,Financeiro,35.0,Bom,87.57,Feminino,5,Superior,4,1.4
445,Nome_445,43,,Vendas,45.0,Bom,1987.88,Masculino,27,Técnico,7,1.1
446,Nome_446,20,3983.6,RH,48.0,nan,1593.51,Masculino,9,Médio,3,4.8
447,Nome_447,34,2397.24,Vendas,36.0,Regular,1234.75,Masculino,1,Superior,3,6.9
448,Nome_448,68,2083.19,Vendas,36.0,Bom,1625.25,Masculino,18,Médio,8,8.8
449,Nome_449,63,7469.94,TI,48.0,Excelente,442.82,Masculino,27,Superior,9,1.3
450,Nome_450,41,4482.55,Vendas,46.0,nan,1716.87,Feminino,24,Superior,11,9.5
451,Nome_451,42,11156.788651534494,RH,34.0,Bom,1967.19,Masculino,1,Médio,7,9.0
452,Nome_452,22,4714.39,RH,35.0,Regular,1271.06,Masculino,18,Superior,1,8.9
453,Nome_453,54,3203.83,RH,37.0,nan,1125.52,Feminino,8,Médio,9,6.8
454,Nome_454,62,7576.85,RH,33.0,Bom,902.73,Feminino,8,Superior,13,5.2
455,Nome_455,67,2735.97,Financeiro,32.0,Bom,1285.3,Masculino,23,Médio,1,8.2
456,Nome_456,41,10877.770038826748,TI,45.0,nan,1312.57,Masculino,22,Técnico,12,2.9
457,Nome_457,48,2550.37,Financeiro,30.0,Regular,1110.63,Masculino,17,Técnico,9,3.6
458,Nome_458,43,3375.66,RH,35.0,Excelente,1524.3,Feminino,11,Superior,1,2.6
459,Nome_459,38,6112.49,Vendas,31.0,Regular,708.32,Feminino,23,Técnico,10,10.0
460,Nome_460,51,5158.48,RH,33.0,Excelente,1622.4,Feminino,3,Médio,12,2.7
461,Nome_461,55,9824.541777615954,RH,30.0,Regular,1270.6,Feminino,26,Médio,10,7.3
462,Nome_462,41,6993.43,TI,37.0,nan,691.18,Masculino,19,Médio,5,5.2
463,Nome_463,45,2364.67,TI,47.0,Excelente,358.6,Feminino,10,Médio,8,1.3
464,Nome_464,47,7428.96,Vendas,39.0,nan,963.3,Feminino,19,Superior,8,1.7
465,Nome_465,51,5907.37,Financeiro,33.0,Bom,908.14,Masculino,21,Médio,8,9.4
466,Nome_466,69,5845.44,RH,42.0,nan,589.25,Feminino,26,Superior,1,7.7
467,Nome_467,69,2181.25,TI,35.0,Excelente,1182.83,Feminino,13,Técnico,4,5.9
468,Nome_468,40,7460.44,Vendas,39.0,Bom,10.8,Masculino,16,Técnico,12,2.9
469,Nome_469,25,2167.89,RH,31.0,Excelente,652.84,Masculino,22,Técnico,13,1.1
470,Nome_470,59,3112.69,Financeiro,41.0,Excelente,1298.13,Masculino,11,Técnico,3,8.0
471,Nome_471,67,7375.47,Financeiro,35.0,nan,51.75,Feminino,7,Médio,12,3.8
472,Nome_472,27,2760.37,TI,40.0,Regular,1153.13,Feminino,22,Médio,11,2.9
473,Nome_473,18,4387.93,Financeiro,34.0,Regular,752.94,Feminino,12,Superior,5,2.6
474,Nome_474,37,6560.3,Vendas,37.0,nan,1515.47,Masculino,19,Médio,6,8.3
475,Nome_475,54,10134.83948003185,TI,49.0,nan,424.81,Feminino,6,Técnico,6,6.6
476,Nome_476,35,6382.87,RH,48.0,Regular,1643.16,Masculino,22,Superior,3,6.8
477,Nome_477,38,10265.025546914869,TI,49.0,Regular,413.63,Masculino,23,Técnico,14,9.3
478,Nome_478,66,,Vendas,,nan,1212.94,Feminino,23,Médio,5,9.0
479,Nome_479,21,4990.33,Vendas,43.0,Regular,396.08,Feminino,12,Superior,9,7.1
480,Nome_480,60,3461.74,Financeiro,41.0,nan,1094.38,Feminino,27,Superior,1,9.6
481,Nome_481,19,11572.517971250343,RH,36.0,nan,947.38,Masculino,18,Médio,1,3.1
482,Nome_482,38,6026.69,Vendas,41.0,nan,447.85,Feminino,9,Superior,2,1.2
483,Nome_483,54,,Financeiro,,nan,1167.31,Feminino,18,Superior,12,9.3
484,Nome_484,22,4357.8,RH,33.0,nan,441.71,Masculino,22,Superior,13,3.4
485,Nome_485,34,7549.04,RH,32.0,nan,1017.71,Masculino,20,Médio,11,9.8
486,Nome_486,66,3509.76,Vendas,37.0,Bom,1713.72,Masculino,3,Médio,5,3.0
487,Nome_487,65,2947.3,RH,32.0,nan,1727.91,Feminino,27,Técnico,10,3.5
488,Nome_488,28,6721.16,RH,44.0,nan,1294.56,Masculino,16,Superior,11,9.2
489,Nome_489,63,,Financeiro,,Bom,930.65,Feminino,27,Superior,2,8.3
490,Nome_490,58,9349.847847294233,TI,46.0,Regular,1338.78,Masculino,17,Superior,11,1.9
491,Nome_491,48,2600.02,RH,48.0,nan,1620.56,Masculino,17,Técnico,4,6.2
492,Nome_492,45,3907.39,Financeiro,38.0,nan,1582.98,Masculino,10,Técnico,9,2.4
493,Nome_493,61,,Financeiro,,Bom,1096.81,Feminino,26,Técnico,9,1.6
494,Nome_494,49,6225.63,Financeiro,48.0,Regular,614.8,Masculino,20,Técnico,12,6.5
495,Nome_495,38,7733.3,Vendas,44.0,nan,1315.65,Feminino,1,Técnico,14,1.7
496,Nome_496,24,2706.92,Vendas,36.0,nan,37.98,Feminino,13,Superior,4,5.2
497,Nome_497,27,4137.89,TI,43.0,Excelente,1937.54,Feminino,18,Técnico,6,6.5
498,Nome_498,45,3597.7,Vendas,33.0,Bom,659.4,Masculino,16,Superior,9,9.5
499,Nome_499,65,6844.51,Financeiro,42.0,Regular,835.04,Feminino,22,Técnico,13,9.3
500,Nome_500,53,2981.35,Financeiro,36.0,Regular,1095.85,Masculino,7,Técnico,3,6.5
501,Nome_501,37,7261.04,TI,45.0,Regular,1434.98,Masculino,13,Médio,13,5.5
502,Nome_502,30,6642.26,Financeiro,34.0,Excelente,323.57,Feminino,18,Médio,13,6.9
503,Nome_503,36,7302.91,Vendas,30.0,Regular,751.73,Masculino,5,Superior,4,9.3
504,Nome_504,67,7815.01,Financeiro,41.0,Bom,637.8,Feminino,23,Superior,9,9.9
505,Nome_505,28,5440.66,TI,36.0,Bom,111.91,Feminino,15,Médio,11,1.3
506,Nome_506,52,4750.47,TI,36.0,nan,907.74,Masculino,5,Superior,14,9.7
507,Nome_507,51,4910.18,TI,49.0,nan,175.92,Masculino,18,Superior,1,8.2
508,Nome_508,61,7373.08,RH,36.0,Bom,1764.31,Masculino,17,Técnico,6,1.7
509,Nome_509,21,3252.1,Vendas,46.0,Regular,1059.35,Masculino,16,Médio,9,8.2
510,Nome_510,30,4252.1,TI,30.0,nan,1635.61,Masculino,18,Técnico,1,7.0
511,Nome_511,54,5846.8,RH,33.0,nan,1191.11,Feminino,1,Técnico,12,9.2
512,Nome_512,19,6296.2,Vendas,35.0,Regular,1871.54,Feminino,16,Médio,1,5.1
513,Nome_513,67,2338.23,RH,45.0,nan,163.45,Masculino,3,Médio,1,5.5
514,Nome_514,18,7868.92,Vendas,37.0,Bom,1464.03,Feminino,8,Técnico,6,8.5
515,Nome_515,57,3988.71,Vendas,46.0,Excelente,1365.45,Feminino,14,Superior,6,5.4
516,Nome_516,42,3236.38,Vendas,41.0,Excelente,1590.41,Masculino,27,Superior,11,5.7
517,Nome_517,54,3843.04,TI,38.0,Bom,1145.78,Feminino,3,Médio,12,3.2
518,Nome_518,53,,Vendas,30.0,nan,602.91,Feminino,14,Técnico,13,4.0
519,Nome_519,23,6011.46,RH,31.0,Bom,624.88,Feminino,19,Médio,10,3.6
520,Nome_520,24,3471.67,Financeiro,44.0,nan,1775.24,Feminino,28,Médio,8,1.4
521,Nome_521,21,10842.662146953578,Financeiro,46.0,nan,709.0,Feminino,4,Superior,14,6.2
522,Nome_522,52,2449.37,Vendas,32.0,Bom,1628.23,Feminino,2,Técnico,8,8.6
523,Nome_523,58,,TI,,Bom,1531.8,Feminino,23,Técnico,9,7.9
524,Nome_524,51,6942.52,Vendas,48.0,Bom,1020.16,Feminino,21,Técnico,1,3.2
525,Nome_525,46,3652.55,RH,48.0,Excelente,1824.15,Feminino,4,Superior,8,6.3
526,Nome_526,22,4210.95,Financeiro,41.0,Excelente,601.52,Feminino,28,Técnico,3,5.4
527,Nome_527,44,6568.62,RH,36.0,nan,13.08,Feminino,29,Médio,5,8.3
528,Nome_528,50,6175.68,RH,49.0,Bom,1515.48,Feminino,20,Superior,2,4.2
529,Nome_529,63,4474.6,Financeiro,40.0,Regular,1529.56,Masculino,5,Médio,11,1.3
530,Nome_530,69,2985.92,TI,32.0,nan,391.71,Masculino,12,Médio,7,9.0
531,Nome_531,27,,RH,36.0,nan,1631.33,Masculino,19,Técnico,8,7.0
532,Nome_532,23,5450.37,Financeiro,33.0,Excelente,1717.97,Feminino,6,Superior,10,2.6
533,Nome_533,51,,TI,33.0,Regular,1314.19,Feminino,15,Médio,11,2.9
534,Nome_534,25,3420.74,RH,37.0,Regular,1039.04,Masculino,16,Técnico,3,4.6
535,Nome_535,48,4690.31,RH,34.0,Excelente,1256.94,Feminino,13,Médio,14,5.3
536,Nome_536,26,4418.88,RH,34.0,nan,1273.68,Feminino,7,Médio,7,4.0
537,Nome_537,38,2413.28,RH,39.0,Excelente,1697.91,Masculino,11,Técnico,4,5.6
538,Nome_538,25,,Vendas,,Regular,458.67,Feminino,18,Médio,11,9.0
539,Nome_539,21,6721.72,TI,31.0,Excelente,1834.01,Feminino,29,Superior,14,6.7
540,Nome_540,39,4979.29,RH,47.0,Bom,1899.76,Feminino,21,Técnico,13,4.3
541,Nome_541,45,3961.42,Financeiro,40.0,Bom,440.1,Feminino,1,Superior,4,8.7
542,Nome_542,62,3088.86,Vendas,46.0,nan,210.55,Feminino,12,Superior,10,7.3
543,Nome_543,21,2997.74,Financeiro,30.0,nan,1347.18,Masculino,7,Superior,7,6.3
544,Nome_544,56,,Financeiro,,Excelente,225.86,Feminino,29,Médio,14,5.6
545,Nome_545,38,3323.17,TI,46.0,Bom,498.14,Feminino,15,Técnico,12,1.8
546,Nome_546,25,6258.2,Financeiro,35.0,nan,328.31,Feminino,17,Médio,14,6.3
547,Nome_547,37,6617.8,Vendas,32.0,Bom,1716.63,Feminino,6,Superior,10,4.6
548,Nome_548,49,4180.89,RH,30.0,Excelente,1817.83,Feminino,25,Técnico,10,6.0
549,Nome_549,18,2956.36,RH,39.0,Regular,626.61,Feminino,25,Médio,2,2.1
550,Nome_550,23,,Financeiro,,Regular,663.41,Feminino,14,Médio,11,8.1
551,Nome_551,45,3996.99,TI,46.0,Regular,928.48,Masculino,3,Médio,6,5.6
552,Nome_552,61,7593.5,TI,44.0,nan,272.07,Feminino,25,Médio,5,8.5
553,Nome_553,48,,RH,49.0,Regular,1562.01,Masculino,21,Técnico,4,2.9
554,Nome_554,27,7926.55,RH,35.0,Bom,1066.19,Masculino,10,Técnico,10,9.4
555,Nome_555,37,12091.644112585673,Financeiro,42.0,Excelente,593.43,Masculino,28,Técnico,5,6.2
556,Nome_556,25,12833.384443017814,TI,45.0,Bom,963.83,Masculino,16,Técnico,2,1.7
557,Nome_557,39,2362.01,Financeiro,49.0,Bom,1185.62,Masculino,3,Médio,10,3.8
558,Nome_558,55,,RH,48.0,Excelente,688.3,Feminino,6,Superior,1,9.8
559,Nome_559,46,2713.59,RH,40.0,Excelente,536.34,Feminino,25,Médio,2,6.5
560,Nome_560,26,5573.5,Financeiro,32.0,Bom,291.93,Masculino,25,Médio,1,4.8
561,Nome_561,61,,TI,,Bom,1362.96,Feminino,11,Técnico,1,9.2
562,Nome_562,64,2202.63,RH,41.0,Excelente,884.42,Masculino,14,Médio,6,4.3
563,Nome_563,18,2497.26,RH,33.0,Regular,175.82,Masculino,11,Médio,10,7.7
564,Nome_564,58,6594.99,TI,39.0,Bom,1216.42,Masculino,14,Médio,5,2.3
565,Nome_565,69,7054.41,RH,39.0,Excelente,233.27,Feminino,13,Técnico,6,7.3
566,Nome_566,56,4179.34,TI,40.0,Regular,266.9,Feminino,5,Técnico,13,5.4
567,Nome_567,43,3480.63,TI,39.0,Excelente,1293.71,Masculino,23,Médio,3,4.8
568,Nome_568,28,4961.54,RH,49.0,Bom,1720.82,Masculino,2,Superior,1,3.1
569,Nome_569,69,2913.7,Financeiro,34.0,nan,1453.13,Feminino,5,Técnico,7,9.9
570,Nome_570,52,11375.563758054484,RH,44.0,Regular,1972.74,Masculino,5,Técnico,5,2.1
571,Nome_571,41,6437.05,RH,45.0,nan,489.98,Masculino,7,Superior,5,2.8
572,Nome_572,50,6223.79,RH,31.0,Regular,1652.23,Masculino,11,Superior,3,4.4
573,Nome_573,37,7592.48,Vendas,30.0,Regular,1193.6,Masculino,11,Médio,9,2.2
574,Nome_574,44,5610.28,RH,45.0,nan,1508.1,Feminino,4,Médio,10,9.4
575,Nome_575,32,,Financeiro,45.0,Bom,960.11,Masculino,3,Técnico,7,9.2
576,Nome_576,50,6421.91,Financeiro,43.0,Bom,249.39,Feminino,27,Superior,8,4.9
577,Nome_577,69,6354.7,Financeiro,39.0,Bom,1620.65,Masculino,13,Médio,8,5.4
578,Nome_578,24,3675.03,TI,47.0,Excelente,694.64,Feminino,22,Superior,7,1.6
579,Nome_579,51,6783.52,Vendas,40.0,Bom,324.75,Masculino,7,Superior,7,8.6
580,Nome_580,62,,Vendas,40.0,Excelente,1066.7,Feminino,13,Técnico,1,8.0
581,Nome_581,68,6676.45,Financeiro,47.0,Regular,1056.34,Masculino,11,Médio,8,4.5
582,Nome_582,63,7096.3,Vendas,37.0,Bom,521.86,Masculino,3,Técnico,14,5.3
583,Nome_583,59,7092.33,TI,32.0,Regular,1499.79,Masculino,20,Superior,6,6.9
584,Nome_584,22,3485.71,RH,37.0,Regular,716.51,Feminino,24,Técnico,12,5.2
585,Nome_585,47,,Financeiro,46.0,Excelente,1061.61,Masculino,25,Técnico,13,3.5
586,Nome_586,45,6313.89,Vendas,42.0,Regular,1091.19,Feminino,11,Superior,11,3.7
587,Nome_587,35,3940.19,Financeiro,42.0,nan,1889.38,Masculino,18,Médio,9,5.7
588,Nome_588,53,6048.1,Financeiro,40.0,nan,1959.05,Feminino,12,Superior,11,10.0
589,Nome_589,20,6039.14,Financeiro,31.0,Bom,1379.02,Feminino,23,Técnico,12,5.4
590,Nome_590,38,6814.13,Financeiro,38.0,Excelente,1.63,Feminino,9,Técnico,10,1.5
591,Nome_591,63,2000.36,RH,30.0,Regular,1601.02,Masculino,22,Médio,10,9.4
592,Nome_592,33,5883.26,Financeiro,41.0,Bom,1776.25,Feminino,5,Superior,13,3.8
593,Nome_593,54,6037.33,Vendas,41.0,Excelente,1964.55,Masculino,3,Técnico,9,1.4
594,Nome_594,59,5464.48,Vendas,40.0,nan,39.1,Feminino,18,Superior,12,1.7
595,Nome_595,22,6664.27,TI,49.0,Excelente,1719.21,Masculino,5,Médio,1,2.5
596,Nome_596,67,9771.002231470824,TI,45.0,nan,1733.27,Feminino,27,Superior,9,6.7
597,Nome_597,68,3807.85,Vendas,31.0,Excelente,385.44,Feminino,9,Superior,8,4.3
598,Nome_598,31,6535.21,Financeiro,48.0,Excelente,1676.8,Feminino,8,Técnico,11,9.3
599,Nome_599,48,4057.52,Vendas,41.0,nan,93.5,Feminino,3,Superior,13,8.1
600,Nome_600,63,5621.9,TI,47.0,Regular,138.65,Masculino,22,Médio,5,3.9
601,Nome_601,41,5728.36,Financeiro,37.0,nan,1186.33,Feminino,3,Técnico,1,9.9
602,Nome_602,52,3791.68,Vendas,39.0,Excelente,1930.41,Masculino,2,Médio,1,7.0
603,Nome_603,53,4765.46,RH,34.0,nan,941.05,Feminino,12,Superior,12,1.2
604,Nome_604,27,6108.79,Vendas,41.0,Bom,755.52,Masculino,21,Superior,8,5.2
605,Nome_605,44,6641.95,TI,44.0,Bom,994.91,Masculino,13,Técnico,6,9.2
606,Nome_606,44,5883.31,Vendas,31.0,Bom,1976.38,Masculino,3,Superior,1,3.7
607,Nome_607,40,4314.43,Financeiro,44.0,Bom,1327.73,Feminino,15,Superior,8,9.3
608,Nome_608,30,2189.45,Vendas,30.0,nan,1099.02,Feminino,18,Médio,13,6.5
609,Nome_609,33,7406.05,TI,45.0,nan,1584.31,Masculino,20,Superior,3,6.2
610,Nome_610,52,2056.25,Vendas,31.0,Regular,948.21,Feminino,11,Técnico,12,4.3
611,Nome_611,44,2614.34,Financeiro,30.0,nan,1001.4,Masculino,13,Técnico,3,9.6
612,Nome_612,69,6699.65,Vendas,49.0,Bom,1548.59,Masculino,27,Médio,1,4.9
613,Nome_613,56,2365.35,TI,35.0,Regular,954.23,Feminino,15,Médio,7,6.7
614,Nome_614,64,,RH,35.0,Regular,258.27,Feminino,8,Superior,12,6.7
615,Nome_615,34,7388.67,Vendas,39.0,Excelente,66.85,Masculino,17,Superior,14,6.8
616,Nome_616,65,2335.89,Vendas,45.0,nan,1286.33,Masculino,22,Médio,7,3.8
617,Nome_617,58,7705.74,TI,48.0,nan,211.75,Feminino,23,Técnico,8,8.8
618,Nome_618,18,,TI,39.0,Regular,1776.23,Feminino,15,Médio,3,6.3
619,Nome_619,28,2004.15,Vendas,37.0,Excelente,1007.0,Masculino,4,Técnico,12,4.5
620,Nome_620,29,12513.764480389007,TI,39.0,Regular,31.23,Masculino,15,Técnico,2,3.9
621,Nome_621,31,4283.57,TI,38.0,Regular,542.2,Feminino,11,Médio,10,2.0
622,Nome_622,25,7912.16,Financeiro,31.0,nan,1166.34,Feminino,18,Técnico,6,6.5
623,Nome_623,48,3563.53,Vendas,43.0,Bom,659.24,Feminino,22,Técnico,5,8.0
624,Nome_624,24,4679.28,Vendas,38.0,Excelente,761.55,Masculino,5,Superior,4,4.8
625,Nome_625,63,,RH,,Regular,1786.84,Masculino,6,Superior,14,9.2
626,Nome_626,48,7259.89,RH,47.0,nan,1297.97,Masculino,9,Técnico,12,2.1
627,Nome_627,33,2225.21,TI,30.0,Excelente,495.94,Feminino,18,Superior,13,5.4
628,Nome_628,59,6627.45,TI,48.0,Regular,1747.38,Masculino,13,Médio,10,6.8
629,Nome_629,56,3669.97,Vendas,46.0,nan,1681.33,Feminino,17,Superior,12,6.1
630,Nome_630,61,,RH,,Excelente,1278.74,Feminino,8,Técnico,14,9.0
631,Nome_631,36,,Vendas,,nan,487.93,Feminino,21,Superior,8,7.2
632,Nome_632,25,5746.98,Vendas,49.0,nan,1622.49,Feminino,20,Médio,6,8.4
633,Nome_633,46,2213.49,Vendas,38.0,nan,851.74,Masculino,3,Técnico,6,7.0
634,Nome_634,19,4329.01,RH,37.0,Regular,559.93,Masculino,29,Superior,5,4.1
635,Nome_635,59,5334.07,Vendas,43.0,Bom,431.58,Masculino,1,Técnico,5,3.5
636,Nome_636,20,4138.64,RH,38.0,Regular,504.65,Masculino,4,Superior,4,4.1
637,Nome_637,68,5790.31,RH,31.0,Regular,913.62,Feminino,19,Técnico,10,4.7
638,Nome_638,46,4775.5,TI,39.0,Bom,1233.49,Feminino,20,Superior,6,8.4
639,Nome_639,32,5877.98,Vendas,46.0,nan,1805.15,Masculino,16,Médio,6,7.4
640,Nome_640,55,5657.22,RH,41.0,Bom,1655.63,Masculino,26,Médio,11,8.4
641,Nome_641,45,,TI,,Regular,409.03,Masculino,18,Médio,10,9.3
642,Nome_642,54,4027.05,TI,37.0,nan,1786.99,Masculino,3,Médio,14,8.3
643,Nome_643,49,3819.52,RH,36.0,Regular,689.44,Masculino,23,Médio,4,9.7
644,Nome_644,47,7882.46,Financeiro,35.0,Excelente,1036.23,Feminino,10,Superior,4,9.5
645,Nome_645,68,3463.42,TI,41.0,nan,660.97,Feminino,11,Superior,4,3.9
646,Nome_646,64,3381.83,RH,34.0,Excelente,1629.94,Feminino,7,Superior,7,4.5
647,Nome_647,47,2344.82,TI,30.0,Regular,220.67,Feminino,22,Superior,10,6.2
648,Nome_648,68,7690.66,Financeiro,39.0,nan,1846.65,Masculino,18,Médio,3,7.2
649,Nome_649,51,4856.02,Vendas,47.0,Regular,436.19,Masculino,14,Médio,11,5.2
650,Nome_650,30,9612.307012441059,RH,38.0,Excelente,515.67,Masculino,8,Técnico,7,8.1
651,Nome_651,50,6498.21,Vendas,46.0,nan,351.42,Feminino,22,Técnico,8,6.7
652,Nome_652,59,2205.48,TI,33.0,Bom,231.32,Masculino,10,Técnico,5,6.4
653,Nome_653,34,6773.27,Financeiro,33.0,Regular,1161.75,Masculino,16,Médio,7,2.3
654,Nome_654,20,7452.4,Financeiro,37.0,Bom,878.27,Feminino,26,Superior,5,2.5
655,Nome_655,26,6414.44,TI,35.0,nan,1633.8,Feminino,19,Superior,9,3.8
656,Nome_656,69,3595.58,RH,33.0,nan,674.32,Masculino,23,Técnico,1,9.7
657,Nome_657,28,2872.61,RH,38.0,Bom,1560.31,Feminino,29,Médio,9,1.7
658,Nome_658,66,3164.35,TI,33.0,nan,1172.65,Feminino,8,Médio,9,9.6
659,Nome_659,44,7957.32,Financeiro,31.0,Excelente,1375.28,Masculino,15,Técnico,3,5.3
660,Nome_660,45,5000.13,Vendas,33.0,nan,941.14,Masculino,5,Técnico,7,4.9
661,Nome_661,19,7979.25,Financeiro,41.0,nan,553.83,Feminino,18,Técnico,4,8.6
662,Nome_662,18,5951.62,Financeiro,33.0,Excelente,14.74,Feminino,29,Superior,7,8.5
663,Nome_663,23,7582.57,Financeiro,44.0,Bom,508.1,Masculino,20,Técnico,11,2.2
664,Nome_664,42,5860.51,TI,42.0,Regular,1142.53,Feminino,10,Superior,3,8.3
665,Nome_665,52,3479.46,Vendas,30.0,Excelente,1063.87,Masculino,28,Médio,5,5.6
666,Nome_666,33,3890.13,Financeiro,37.0,Regular,1930.14,Feminino,21,Superior,3,3.9
667,Nome_667,21,7417.87,TI,48.0,Excelente,1422.43,Masculino,3,Técnico,6,2.0
668,Nome_668,64,7532.56,RH,30.0,Regular,318.87,Masculino,14,Superior,1,6.3
669,Nome_669,55,5827.04,RH,45.0,nan,1983.12,Feminino,23,Médio,6,8.0
670,Nome_670,61,2587.38,Financeiro,37.0,nan,690.81,Masculino,1,Técnico,14,9.0
671,Nome_671,37,3565.47,Financeiro,31.0,Bom,1179.88,Masculino,16,Técnico,5,9.7
672,Nome_672,42,3067.58,Vendas,32.0,Excelente,249.22,Masculino,27,Médio,9,2.1
673,Nome_673,24,5720.32,Financeiro,43.0,Bom,1420.29,Feminino,19,Técnico,13,4.6
674,Nome_674,38,2926.34,RH,47.0,Bom,1860.64,Masculino,22,Superior,13,1.4
675,Nome_675,24,4645.08,TI,33.0,Bom,601.59,Feminino,6,Superior,6,6.7
676,Nome_676,46,5314.64,TI,31.0,nan,1619.01,Masculino,13,Médio,10,9.0
677,Nome_677,69,3367.22,Vendas,36.0,Excelente,1949.86,Feminino,11,Técnico,13,7.2
678,Nome_678,24,3362.94,TI,32.0,Excelente,629.68,Masculino,6,Superior,2,4.5
679,Nome_679,20,3601.67,Vendas,38.0,Excelente,302.08,Feminino,6,Técnico,12,7.8
680,Nome_680,46,7382.34,Financeiro,36.0,Excelente,1929.71,Feminino,21,Médio,8,10.0
681,Nome_681,46,5387.76,TI,39.0,Bom,1248.51,Masculino,17,Técnico,1,1.0
682,Nome_682,56,2754.87,Vendas,35.0,Excelente,325.38,Masculino,29,Técnico,7,8.5
683,Nome_683,55,3230.07,Vendas,46.0,Bom,1162.84,Feminino,28,Médio,3,3.9
684,Nome_684,23,7621.07,Financeiro,46.0,Bom,857.92,Feminino,8,Superior,12,7.7
685,Nome_685,63,4238.64,RH,34.0,Excelente,126.8,Feminino,21,Superior,3,3.1
686,Nome_686,27,4102.32,TI,44.0,Excelente,1786.22,Feminino,20,Técnico,7,2.8
687,Nome_687,54,4819.96,Financeiro,36.0,Excelente,1670.84,Feminino,3,Superior,1,8.3
688,Nome_688,31,4364.97,TI,30.0,Regular,412.02,Masculino,27,Superior,3,7.9
689,Nome_689,39,,RH,,nan,1668.91,Feminino,8,Médio,13,8.3
690,Nome_690,49,4198.88,TI,39.0,Bom,1576.49,Masculino,12,Médio,12,7.8
691,Nome_691,35,7198.75,Vendas,34.0,Excelente,1482.95,Masculino,19,Médio,6,1.9
692,Nome_692,53,6168.37,TI,45.0,nan,478.76,Masculino,18,Técnico,10,8.9
693,Nome_693,63,2106.61,Vendas,48.0,Bom,74.91,Feminino,1,Médio,11,4.4
694,Nome_694,69,,RH,45.0,Excelente,1636.14,Feminino,15,Superior,12,3.0
695,Nome_695,26,6941.43,Vendas,32.0,Regular,1574.08,Feminino,23,Médio,2,6.1
696,Nome_696,43,7526.36,Financeiro,34.0,Regular,389.11,Feminino,5,Superior,9,4.1
697,Nome_697,39,3444.18,Vendas,37.0,nan,528.0,Feminino,17,Médio,1,7.4
698,Nome_698,63,6130.78,Vendas,47.0,Excelente,487.86,Masculino,11,Técnico,12,7.3
699,Nome_699,55,,Financeiro,,Bom,1047.23,Feminino,25,Superior,7,8.7
700,Nome_700,40,2762.52,Vendas,39.0,Regular,1455.28,Feminino,26,Técnico,10,9.9
701,Nome_701,34,6480.13,Vendas,45.0,Excelente,557.5,Masculino,2,Superior,7,8.2
702,Nome_702,43,3455.19,Financeiro,40.0,Excelente,362.62,Feminino,29,Médio,6,2.3
703,Nome_703,64,5060.12,Vendas,48.0,Excelente,1436.22,Feminino,27,Técnico,4,7.9
704,Nome_704,55,10798.24791931192,Vendas,34.0,Bom,1875.37,Feminino,15,Superior,4,6.1
705,Nome_705,19,5894.19,TI,30.0,Bom,728.57,Masculino,3,Técnico,7,6.1
706,Nome_706,23,6125.54,TI,47.0,Regular,966.58,Masculino,18,Superior,2,4.0
707,Nome_707,24,2255.7,Vendas,36.0,Regular,1827.77,Feminino,8,Superior,5,2.4
708,Nome_708,30,10815.888988859528,Financeiro,34.0,Regular,1545.13,Feminino,12,Técnico,7,2.6
709,Nome_709,44,5859.19,Financeiro,41.0,nan,349.92,Feminino,1,Superior,3,1.5
710,Nome_710,28,5422.54,TI,30.0,nan,410.3,Feminino,18,Técnico,14,8.2
711,Nome_711,32,3642.07,Financeiro,46.0,nan,107.2,Masculino,9,Técnico,7,7.7
712,Nome_712,26,3324.95,Financeiro,32.0,nan,540.51,Feminino,21,Técnico,14,8.7
713,Nome_713,25,2921.5,TI,40.0,Regular,946.66,Masculino,2,Técnico,3,7.3
714,Nome_714,63,6559.24,RH,37.0,Regular,608.4,Masculino,6,Médio,3,2.5
715,Nome_715,23,6756.31,TI,36.0,Excelente,942.72,Masculino,29,Técnico,4,7.6
716,Nome_716,65,,Financeiro,,Regular,1232.08,Masculino,28,Técnico,3,6.0
717,Nome_717,60,,Vendas,30.0,Bom,1861.75,Masculino,12,Superior,12,2.0
718,Nome_718,21,4166.64,Financeiro,39.0,Excelente,1846.99,Feminino,27,Técnico,12,9.1
719,Nome_719,28,2455.1,Vendas,41.0,Regular,1244.54,Masculino,16,Superior,2,9.1
720,Nome_720,68,7904.18,Vendas,42.0,Regular,732.18,Masculino,21,Técnico,1,6.7
721,Nome_721,45,7219.09,Vendas,47.0,Regular,515.75,Masculino,10,Médio,8,4.8
722,Nome_722,43,3232.99,RH,34.0,Regular,1213.89,Feminino,25,Superior,2,3.1
723,Nome_723,21,,RH,39.0,Excelente,1294.47,Feminino,9,Superior,5,1.9
724,Nome_724,32,,TI,,Regular,535.96,Masculino,13,Médio,8,8.3
725,Nome_725,36,,RH,35.0,Excelente,117.21,Masculino,26,Técnico,11,9.7
726,Nome_726,23,3507.2,Vendas,39.0,nan,707.04,Masculino,19,Médio,2,1.1
727,Nome_727,22,3944.31,Financeiro,46.0,nan,1909.08,Masculino,4,Médio,2,5.3
728,Nome_728,35,6728.99,Financeiro,36.0,Excelente,449.1,Feminino,15,Médio,2,2.0
729,Nome_729,23,2974.7,Vendas,34.0,Regular,620.42,Feminino,28,Superior,8,4.8
730,Nome_730,48,2489.49,Financeiro,34.0,Excelente,585.69,Masculino,3,Médio,5,6.2
731,Nome_731,42,5079.11,Financeiro,47.0,Excelente,1402.73,Feminino,14,Superior,13,4.9
732,Nome_732,21,11142.733875189939,RH,41.0,Bom,1470.02,Masculino,2,Técnico,11,1.2
733,Nome_733,23,3393.9,Vendas,37.0,Excelente,888.64,Masculino,23,Técnico,7,9.9
734,Nome_734,58,5155.5,Financeiro,41.0,Bom,1825.64,Masculino,9,Técnico,6,9.3
735,Nome_735,54,4991.2,Financeiro,43.0,Bom,1450.49,Feminino,16,Superior,9,8.0
736,Nome_736,67,7567.75,Financeiro,41.0,Bom,1775.96,Feminino,25,Médio,6,4.6
737,Nome_737,42,10686.145041951617,Vendas,40.0,Excelente,1704.19,Masculino,22,Superior,11,7.2
738,Nome_738,51,3178.24,Vendas,30.0,Regular,1545.19,Feminino,9,Técnico,14,7.4
739,Nome_739,36,2162.47,TI,31.0,Bom,641.86,Feminino,18,Médio,6,4.1
740,Nome_740,51,2505.07,TI,42.0,Excelente,273.7,Feminino,26,Superior,9,1.4
741,Nome_741,32,4519.15,Financeiro,45.0,nan,1346.58,Feminino,8,Médio,9,6.6
742,Nome_742,67,5102.73,RH,32.0,Bom,1400.47,Masculino,21,Médio,13,9.5
743,Nome_743,25,5878.94,RH,40.0,Bom,1505.88,Feminino,7,Médio,13,7.7
744,Nome_744,61,4827.24,Vendas,40.0,Bom,1621.28,Masculino,5,Superior,6,3.1
745,Nome_745,64,5949.2,Vendas,42.0,Bom,799.05,Masculino,15,Médio,2,6.0
746,Nome_746,66,2004.3,TI,40.0,Excelente,746.41,Masculino,19,Técnico,3,4.5
747,Nome_747,51,2088.69,TI,40.0,nan,631.59,Masculino,27,Superior,1,5.9
748,Nome_748,35,6816.4,Vendas,38.0,Bom,866.17,Masculino,17,Superior,9,7.5
749,Nome_749,47,5682.21,RH,44.0,nan,1743.78,Feminino,16,Técnico,8,5.4
750,Nome_750,30,6534.43,TI,37.0,Bom,3.83,Masculino,8,Técnico,9,9.2
751,Nome_751,64,4270.42,TI,45.0,nan,1100.13,Masculino,2,Superior,7,7.2
752,Nome_752,50,5605.6,Financeiro,43.0,Excelente,447.38,Masculino,29,Médio,6,4.2
753,Nome_753,52,4815.02,RH,39.0,Regular,1147.3,Feminino,17,Técnico,10,6.5
754,Nome_754,69,6351.9,Financeiro,38.0,nan,172.44,Masculino,13,Técnico,5,5.1
755,Nome_755,41,2585.96,TI,42.0,nan,169.42,Masculino,2,Técnico,13,8.1
756,Nome_756,43,2704.95,TI,46.0,Bom,379.97,Feminino,2,Médio,10,1.1
757,Nome_757,64,6879.34,TI,46.0,nan,1970.11,Masculino,19,Médio,7,6.3
758,Nome_758,68,2632.24,TI,41.0,nan,1291.66,Masculino,15,Superior,3,1.2
759,Nome_759,61,7787.06,Vendas,30.0,nan,861.97,Masculino,18,Médio,11,9.8
760,Nome_760,59,,RH,42.0,Bom,603.13,Feminino,18,Superior,2,5.6
761,Nome_761,64,5143.97,RH,32.0,Regular,1161.67,Feminino,6,Superior,13,3.5
762,Nome_762,18,7316.71,RH,42.0,Regular,906.4,Masculino,22,Técnico,3,2.0
763,Nome_763,30,7179.98,RH,49.0,Bom,924.54,Masculino,6,Superior,9,4.1
764,Nome_764,27,6652.56,Financeiro,43.0,Regular,769.66,Feminino,24,Superior,9,6.7
765,Nome_765,36,6783.76,Financeiro,37.0,Bom,482.47,Feminino,25,Técnico,5,9.8
766,Nome_766,22,6688.94,Financeiro,49.0,Bom,168.9,Masculino,10,Superior,7,1.8
767,Nome_767,25,5418.24,TI,33.0,Excelente,1372.38,Masculino,16,Superior,10,2.9
768,Nome_768,21,6361.11,Vendas,38.0,nan,354.5,Feminino,23,Médio,10,3.5
769,Nome_769,66,4742.9,RH,40.0,Bom,850.99,Masculino,8,Superior,3,7.9
770,Nome_770,30,,Vendas,,Regular,1174.5,Feminino,12,Médio,13,1.7
771,Nome_771,55,6461.19,RH,32.0,Bom,293.71,Feminino,9,Superior,13,9.0
772,Nome_772,63,7197.75,RH,44.0,nan,1194.72,Feminino,14,Técnico,14,3.0
773,Nome_773,66,7564.94,Financeiro,41.0,Excelente,724.35,Masculino,24,Superior,11,7.5
774,Nome_774,63,2081.83,TI,38.0,nan,511.2,Feminino,16,Técnico,5,7.8
775,Nome_775,36,4882.53,TI,34.0,Regular,1097.2,Masculino,22,Médio,13,9.0
776,Nome_776,69,7502.91,Vendas,45.0,Excelente,1978.12,Masculino,11,Médio,14,2.9
777,Nome_777,67,9578.322673690123,TI,37.0,Regular,1537.17,Feminino,23,Médio,11,7.5
778,Nome_778,25,,Financeiro,36.0,Regular,570.51,Feminino,9,Técnico,5,4.2
779,Nome_779,44,4580.87,RH,49.0,nan,1003.07,Feminino,1,Técnico,6,4.5
780,Nome_780,67,4587.52,Vendas,41.0,Bom,812.14,Feminino,10,Técnico,6,5.6
781,Nome_781,64,,Financeiro,,Bom,1050.92,Masculino,9,Superior,11,2.2
782,Nome_782,47,4823.88,RH,30.0,Excelente,1383.1,Feminino,29,Superior,14,4.2
783,Nome_783,21,6187.96,TI,35.0,nan,1575.48,Feminino,28,Médio,6,9.5
784,Nome_784,28,,Vendas,39.0,Excelente,1911.57,Masculino,16,Médio,14,2.6
785,Nome_785,38,5254.04,Vendas,41.0,Bom,590.12,Masculino,14,Superior,8,3.8
786,Nome_786,60,6003.28,RH,41.0,Excelente,648.51,Feminino,29,Superior,4,8.3
787,Nome_787,19,5134.34,TI,33.0,Bom,44.75,Feminino,11,Superior,10,3.2
788,Nome_788,38,2372.78,Vendas,30.0,Bom,599.32,Feminino,22,Médio,2,2.5
789,Nome_789,34,6867.55,TI,47.0,nan,1883.42,Feminino,12,Superior,13,2.7
790,Nome_790,60,3718.72,TI,35.0,Excelente,1666.8,Feminino,26,Superior,1,9.9
791,Nome_791,68,7409.9,RH,45.0,Bom,237.97,Masculino,20,Médio,8,4.7
792,Nome_792,46,11931.712999325951,Financeiro,31.0,Regular,1929.28,Feminino,16,Superior,1,4.6
793,Nome_793,44,6583.21,TI,31.0,Excelente,1775.82,Masculino,10,Superior,7,7.8
794,Nome_794,41,3875.07,Vendas,38.0,nan,1716.19,Feminino,25,Técnico,8,1.6
795,Nome_795,66,2936.59,Vendas,41.0,nan,1847.96,Masculino,18,Superior,2,2.5
796,Nome_796,20,5908.8,Vendas,37.0,Bom,1067.98,Feminino,19,Superior,7,7.5
797,Nome_797,56,4022.49,Vendas,41.0,Excelente,1941.91,Masculino,21,Médio,9,3.9
798,Nome_798,27,4581.41,RH,49.0,Regular,52.39,Feminino,20,Superior,3,7.3
799,Nome_799,20,7096.02,TI,35.0,nan,1124.86,Feminino,15,Médio,3,1.2
800,Nome_800,62,2133.99,RH,48.0,Bom,746.19,Feminino,5,Técnico,6,6.3
801,Nome_801,59,6765.83,Financeiro,45.0,nan,1128.13,Masculino,7,Técnico,6,5.9
802,Nome_802,43,7545.75,TI,49.0,nan,1796.73,Feminino,6,Superior,4,2.3
803,Nome_803,54,12976.809566284715,TI,43.0,nan,898.73,Feminino,5,Médio,9,2.1
804,Nome_804,44,10282.82105637227,TI,38.0,Regular,454.9,Masculino,6,Técnico,2,9.4
805,Nome_805,22,4377.41,Financeiro,34.0,Regular,717.48,Feminino,29,Médio,12,5.5
806,Nome_806,59,2893.85,RH,46.0,Regular,891.46,Masculino,14,Técnico,7,1.4
807,Nome_807,28,2736.47,TI,40.0,Regular,909.87,Feminino,29,Médio,5,2.3
808,Nome_808,30,7783.48,TI,46.0,Regular,675.67,Masculino,17,Médio,3,7.1
809,Nome_809,58,3820.53,Vendas,32.0,Regular,925.29,Feminino,27,Médio,10,5.3
810,Nome_810,51,3600.08,Financeiro,43.0,Excelente,693.04,Masculino,6,Técnico,6,6.4
811,Nome_811,55,9042.637884835447,Vendas,41.0,Bom,601.17,Feminino,19,Médio,8,5.1
812,Nome_812,57,5169.92,Vendas,43.0,Regular,1722.47,Feminino,18,Técnico,7,9.3
813,Nome_813,50,,RH,45.0,Regular,1690.33,Feminino,18,Técnico,2,8.4
814,Nome_814,51,7999.12,Vendas,31.0,Excelente,568.04,Masculino,2,Médio,9,9.8
815,Nome_815,44,2481.71,Financeiro,38.0,Excelente,1784.21,Feminino,27,Técnico,2,9.5
816,Nome_816,53,,Financeiro,,nan,847.32,Feminino,24,Médio,13,7.6
817,Nome_817,43,,TI,,Excelente,690.11,Masculino,11,Técnico,9,1.5
818,Nome_818,68,3267.81,RH,42.0,nan,428.79,Feminino,19,Técnico,1,10.0
819,Nome_819,42,2269.58,TI,48.0,Regular,1422.01,Feminino,26,Médio,12,5.3
820,Nome_820,36,7162.17,Vendas,42.0,Regular,58.29,Feminino,17,Médio,1,1.5
821,Nome_821,38,,TI,40.0,nan,1201.65,Masculino,22,Médio,4,9.9
822,Nome_822,48,,Financeiro,39.0,Excelente,55.96,Masculino,14,Superior,13,6.1
823,Nome_823,46,6561.67,Financeiro,44.0,nan,584.65,Masculino,13,Técnico,10,5.1
824,Nome_824,26,4426.53,Vendas,43.0,nan,1946.01,Feminino,22,Médio,14,1.2
825,Nome_825,36,2390.71,TI,35.0,Excelente,1183.67,Feminino,16,Superior,13,4.9
826,Nome_826,43,6269.69,Financeiro,43.0,nan,586.03,Feminino,27,Médio,8,2.6
827,Nome_827,42,10907.136595195374,Financeiro,38.0,nan,576.67,Feminino,15,Médio,9,7.5
828,Nome_828,57,,RH,37.0,nan,250.79,Masculino,19,Superior,10,1.1
829,Nome_829,60,12244.702576615808,TI,39.0,nan,661.61,Masculino,12,Superior,14,5.8
830,Nome_830,46,5943.81,TI,44.0,Bom,900.65,Masculino,27,Superior,10,1.4
831,Nome_831,42,7672.51,RH,46.0,Regular,1427.44,Feminino,5,Técnico,11,7.4
832,Nome_832,36,,Financeiro,,Regular,1133.3,Masculino,7,Técnico,6,9.6
833,Nome_833,21,,RH,,Excelente,83.6,Feminino,14,Médio,7,1.4
834,Nome_834,62,7451.23,RH,33.0,nan,691.98,Masculino,10,Superior,13,1.9
835,Nome_835,37,3478.41,RH,40.0,Regular,102.0,Feminino,7,Médio,12,5.6
836,Nome_836,63,3580.08,Financeiro,47.0,nan,1877.52,Masculino,4,Médio,5,9.8
837,Nome_837,18,7580.66,Vendas,35.0,Bom,850.97,Feminino,13,Médio,7,4.7
838,Nome_838,28,,Vendas,,Bom,1197.65,Feminino,6,Superior,8,6.5
839,Nome_839,21,6629.79,Vendas,47.0,Excelente,1460.57,Feminino,25,Superior,13,7.9
840,Nome_840,24,4039.06,RH,32.0,Regular,7.14,Masculino,29,Superior,2,9.4
841,Nome_841,45,,Vendas,,Excelente,211.23,Masculino,19,Técnico,13,2.6
842,Nome_842,53,3852.91,TI,31.0,Bom,1072.4,Feminino,26,Técnico,5,9.2
843,Nome_843,24,5041.79,Vendas,41.0,nan,1202.39,Feminino,29,Superior,14,6.6
844,Nome_844,37,3330.69,Financeiro,31.0,Bom,1448.61,Feminino,4,Superior,5,8.3
845,Nome_845,52,6380.02,RH,32.0,nan,229.51,Masculino,13,Superior,11,3.7
846,Nome_846,68,2449.53,RH,47.0,Regular,714.51,Masculino,16,Técnico,2,5.5
847,Nome_847,68,5319.89,Vendas,37.0,nan,1493.56,Feminino,16,Técnico,4,2.9
848,Nome_848,56,5459.94,RH,38.0,Regular,478.37,Feminino,4,Médio,1,8.7
849,Nome_849,38,3894.03,RH,48.0,Regular,1934.95,Masculino,28,Superior,2,2.8
850,Nome_850,61,2266.81,RH,39.0,Excelente,1948.9,Masculino,29,Superior,6,5.9
851,Nome_851,18,5073.86,RH,45.0,nan,971.01,Feminino,12,Técnico,11,4.8
852,Nome_852,54,2382.95,TI,31.0,Regular,260.58,Feminino,26,Técnico,4,1.4
853,Nome_853,63,7088.38,Financeiro,39.0,Regular,37.17,Masculino,19,Médio,9,4.7
854,Nome_854,59,7696.22,TI,36.0,Bom,236.44,Feminino,1,Superior,10,8.1
855,Nome_855,20,3589.75,Vendas,42.0,Bom,752.84,Masculino,29,Técnico,1,5.8
856,Nome_856,51,2608.24,Vendas,45.0,Excelente,676.2,Feminino,4,Superior,6,3.7
857,Nome_857,30,3720.36,RH,48.0,Excelente,1545.61,Feminino,27,Técnico,8,5.0
858,Nome_858,33,3179.88,RH,43.0,nan,1139.53,Masculino,20,Médio,3,8.0
859,Nome_859,51,2053.42,Vendas,31.0,nan,877.59,Masculino,27,Superior,5,7.0
860,Nome_860,41,7347.81,RH,44.0,Regular,282.28,Feminino,5,Médio,9,2.0
861,Nome_861,30,6734.09,TI,38.0,Bom,289.76,Masculino,12,Técnico,2,5.8
862,Nome_862,23,3817.27,RH,34.0,Regular,1522.33,Masculino,15,Superior,11,2.8
863,Nome_863,56,5868.96,TI,44.0,nan,1877.54,Masculino,6,Técnico,3,9.8
864,Nome_864,19,7822.46,Financeiro,43.0,nan,513.78,Feminino,1,Técnico,7,7.6
865,Nome_865,28,6713.33,TI,44.0,Excelente,1057.29,Masculino,1,Técnico,7,1.7
866,Nome_866,24,,Vendas,,Bom,1639.77,Feminino,15,Médio,6,3.2
867,Nome_867,24,5645.74,Vendas,48.0,Regular,1613.8,Feminino,5,Superior,14,1.7
868,Nome_868,56,4219.64,Vendas,35.0,Bom,1285.71,Feminino,22,Técnico,3,4.3
869,Nome_869,56,5507.84,TI,48.0,Excelente,85.86,Feminino,28,Técnico,5,8.4
870,Nome_870,29,9927.189086112234,Financeiro,39.0,nan,315.9,Masculino,21,Médio,8,1.6
871,Nome_871,68,2226.58,Vendas,31.0,Excelente,1680.94,Masculino,19,Superior,14,2.5
872,Nome_872,39,4356.52,RH,38.0,nan,1623.96,Feminino,16,Técnico,13,3.4
873,Nome_873,68,2924.78,TI,38.0,Bom,1333.2,Masculino,8,Técnico,14,6.6
874,Nome_874,68,,Financeiro,49.0,Excelente,1154.44,Masculino,15,Superior,7,9.8
875,Nome_875,69,4878.98,TI,37.0,Bom,533.5,Feminino,24,Superior,2,8.4
876,Nome_876,20,3061.61,TI,48.0,Regular,1326.67,Masculino,6,Médio,3,2.8
877,Nome_877,30,3199.27,Financeiro,47.0,Bom,214.86,Masculino,13,Técnico,12,7.4
878,Nome_878,47,5450.83,TI,40.0,Regular,1907.35,Masculino,17,Médio,3,6.0
879,Nome_879,27,4742.38,Vendas,41.0,nan,1147.88,Masculino,26,Médio,10,5.4
880,Nome_880,69,,Financeiro,,Bom,146.89,Masculino,4,Superior,6,9.2
881,Nome_881,26,4778.3,TI,31.0,Bom,1719.63,Masculino,2,Médio,3,6.3
882,Nome_882,23,3843.84,RH,36.0,Regular,1130.72,Masculino,17,Técnico,11,2.2
883,Nome_883,61,5815.21,Financeiro,49.0,Excelente,451.18,Feminino,26,Técnico,8,2.5
884,Nome_884,19,4895.77,RH,36.0,Regular,91.09,Masculino,6,Técnico,8,9.3
885,Nome_885,61,7865.5,TI,35.0,Regular,1969.11,Masculino,19,Superior,8,1.7
886,Nome_886,33,3486.6,RH,34.0,nan,990.36,Masculino,10,Superior,12,2.2
887,Nome_887,30,,Financeiro,,Bom,448.05,Masculino,5,Técnico,10,6.9
888,Nome_888,65,7924.22,TI,38.0,Excelente,1151.92,Masculino,17,Técnico,3,3.0
889,Nome_889,30,,Financeiro,38.0,Excelente,386.4,Masculino,4,Superior,5,8.4
890,Nome_890,39,3515.4,TI,46.0,Bom,525.65,Feminino,17,Técnico,1,4.7
891,Nome_891,36,6316.81,Vendas,37.0,Excelente,1849.74,Masculino,6,Técnico,4,5.3
892,Nome_892,43,12123.626017618826,Vendas,38.0,Regular,608.38,Feminino,29,Médio,14,2.2
893,Nome_893,31,6556.94,Vendas,39.0,nan,1057.0,Masculino,9,Superior,12,1.3
894,Nome_894,48,2754.24,RH,36.0,Bom,585.76,Masculino,10,Superior,7,7.8
895,Nome_895,46,,RH,,nan,833.77,Feminino,18,Técnico,2,1.7
896,Nome_896,62,2896.99,Vendas,49.0,Regular,1181.19,Masculino,11,Médio,13,6.8
897,Nome_897,59,6197.22,Financeiro,37.0,Regular,1523.92,Masculino,7,Superior,13,5.8
898,Nome_898,39,4073.09,Financeiro,48.0,nan,16.14,Masculino,16,Superior,13,5.7
899,Nome_899,24,3121.62,TI,33.0,Excelente,427.74,Masculino,24,Superior,2,3.7
900,Nome_900,54,4345.13,Financeiro,30.0,Excelente,1606.23,Feminino,13,Médio,10,7.8
901,Nome_901,66,7828.16,Financeiro,30.0,Excelente,529.34,Feminino,21,Médio,10,4.6
902,Nome_902,58,2688.6,RH,42.0,nan,224.8,Masculino,4,Médio,8,2.4
903,Nome_903,44,2198.56,Financeiro,34.0,Excelente,664.05,Feminino,8,Superior,14,1.5
904,Nome_904,48,6776.7,Financeiro,48.0,Excelente,1359.8,Feminino,4,Superior,8,4.1
905,Nome_905,23,12961.280757176362,TI,32.0,nan,1304.31,Masculino,12,Médio,11,6.5
906,Nome_906,33,10933.167390429968,Vendas,48.0,nan,1698.1,Feminino,6,Médio,11,3.0
907,Nome_907,55,7765.59,Vendas,48.0,nan,1881.53,Masculino,13,Médio,4,7.7
908,Nome_908,55,5766.3,RH,44.0,Excelente,1346.05,Masculino,27,Técnico,4,2.0
909,Nome_909,67,5545.99,RH,37.0,nan,1720.45,Feminino,12,Médio,9,5.2
910,Nome_910,49,6997.66,TI,41.0,Regular,525.37,Masculino,10,Superior,9,5.8
911,Nome_911,50,2006.7,RH,40.0,Excelente,885.05,Masculino,12,Médio,12,8.4
912,Nome_912,66,3180.2,TI,36.0,nan,635.78,Feminino,28,Médio,9,2.1
913,Nome_913,34,3722.85,Vendas,39.0,nan,1538.59,Masculino,5,Técnico,3,1.0
914,Nome_914,50,4680.42,Vendas,30.0,Bom,1496.11,Masculino,16,Superior,12,5.8
915,Nome_915,28,,TI,32.0,Regular,802.64,Feminino,1,Médio,6,2.4
916,Nome_916,30,7158.35,Vendas,47.0,Regular,1332.96,Feminino,17,Técnico,2,6.1
917,Nome_917,47,6293.73,Financeiro,40.0,Excelente,26.12,Masculino,23,Médio,5,1.3
918,Nome_918,18,6625.98,Financeiro,36.0,Regular,1813.15,Feminino,2,Técnico,7,5.4
919,Nome_919,47,,Vendas,,Excelente,845.65,Feminino,14,Técnico,2,4.5
920,Nome_920,44,5008.77,TI,38.0,nan,1812.58,Feminino,12,Técnico,9,2.4
921,Nome_921,57,2718.35,Financeiro,42.0,Excelente,91.07,Masculino,8,Técnico,2,5.2
922,Nome_922,40,3644.24,Financeiro,37.0,nan,167.11,Masculino,18,Superior,4,5.3
923,Nome_923,37,7523.29,Vendas,30.0,nan,999.77,Feminino,6,Técnico,12,1.6
924,Nome_924,23,6635.77,RH,41.0,nan,444.22,Feminino,10,Superior,9,7.1
925,Nome_925,54,,RH,,Bom,1460.36,Masculino,7,Superior,4,9.2
926,Nome_926,37,6518.52,Vendas,31.0,nan,1365.78,Feminino,4,Médio,10,6.5
927,Nome_927,54,4427.86,Vendas,46.0,nan,1261.34,Masculino,18,Superior,5,6.6
928,Nome_928,23,2521.73,Financeiro,41.0,Excelente,1681.99,Feminino,18,Médio,9,7.7
929,Nome_929,46,7585.26,TI,35.0,Bom,1693.16,Masculino,16,Superior,5,9.4
930,Nome_930,30,6166.36,TI,44.0,nan,541.47,Feminino,23,Superior,11,9.8
931,Nome_931,44,6669.45,Financeiro,41.0,nan,441.73,Masculino,11,Superior,5,5.4
932,Nome_932,67,6749.69,Financeiro,40.0,Bom,1354.95,Masculino,26,Superior,12,9.5
933,Nome_933,37,6940.04,TI,49.0,nan,218.62,Masculino,9,Médio,10,4.2
934,Nome_934,30,4294.05,RH,34.0,Excelente,404.49,Feminino,14,Superior,8,7.5
935,Nome_935,56,7608.69,RH,37.0,Excelente,1779.81,Feminino,14,Médio,13,9.4
936,Nome_936,25,4817.53,TI,31.0,nan,1284.78,Feminino,16,Superior,13,1.1
937,Nome_937,34,3295.76,Vendas,35.0,Excelente,392.99,Feminino,16,Técnico,10,9.3
938,Nome_938,47,5087.75,Vendas,47.0,nan,1369.43,Feminino,27,Médio,9,9.0
939,Nome_939,18,5863.98,Financeiro,46.0,Regular,373.38,Masculino,21,Técnico,2,2.8
940,Nome_940,41,3916.52,RH,46.0,nan,1275.5,Masculino,12,Médio,6,4.7
941,Nome_941,33,2640.84,Vendas,30.0,nan,433.94,Feminino,5,Superior,6,2.1
942,Nome_942,28,9722.400330878616,Vendas,,nan,1427.29,Masculino,4,Médio,7,7.7
943,Nome_943,21,10771.37733047564,Vendas,33.0,Regular,1964.43,Feminino,3,Superior,3,8.0
944,Nome_944,21,9941.075014655346,TI,31.0,Bom,983.0,Feminino,13,Médio,13,8.9
945,Nome_945,34,11497.148556938559,Financeiro,36.0,Bom,1323.67,Masculino,25,Superior,2,5.0
946,Nome_946,66,6022.58,Financeiro,30.0,nan,1998.63,Masculino,2,Médio,7,6.7
947,Nome_947,27,2887.94,RH,38.0,Bom,802.93,Masculino,23,Técnico,13,8.6
948,Nome_948,38,6086.69,Vendas,36.0,nan,1622.81,Feminino,4,Médio,9,1.8
949,Nome_949,55,4051.9,Financeiro,41.0,Regular,204.41,Feminino,24,Médio,5,2.1
950,Nome_950,66,7070.52,TI,34.0,Bom,23.47,Feminino,29,Médio,13,8.4
951,Nome_951,35,4738.23,TI,35.0,Regular,1931.42,Feminino,28,Superior,2,5.0
952,Nome_952,27,3402.25,TI,37.0,Bom,1215.34,Feminino,10,Técnico,8,8.2
953,Nome_953,62,6575.15,Vendas,49.0,Regular,739.52,Masculino,19,Superior,1,1.0
954,Nome_954,33,7871.93,TI,40.0,Regular,913.18,Feminino,3,Técnico,11,2.0
955,Nome_955,56,5801.86,Vendas,35.0,Excelente,210.99,Feminino,15,Médio,2,4.3
956,Nome_956,32,2806.57,Financeiro,35.0,nan,56.9,Feminino,25,Superior,10,4.6
957,Nome_957,51,,TI,,nan,1513.14,Masculino,25,Superior,6,8.5
958,Nome_958,22,4277.97,Vendas,40.0,Bom,1071.75,Masculino,11,Médio,6,5.6
959,Nome_959,34,,RH,42.0,Regular,1798.22,Feminino,20,Superior,8,9.3
960,Nome_960,54,,Financeiro,46.0,Excelente,1223.26,Masculino,6,Técnico,9,4.8
961,Nome_961,25,4890.23,Financeiro,35.0,Excelente,936.35,Masculino,4,Superior,4,1.6
962,Nome_962,41,4849.31,Vendas,43.0,Bom,1192.79,Feminino,28,Médio,5,5.1
963,Nome_963,45,4615.3,Vendas,41.0,nan,1282.67,Feminino,4,Médio,10,4.7
964,Nome_964,64,3851.95,Financeiro,40.0,Excelente,674.94,Feminino,2,Superior,9,5.9
965,Nome_965,25,7741.65,Vendas,37.0,Regular,1261.46,Masculino,27,Técnico,14,6.8
966,Nome_966,40,5996.03,TI,30.0,Excelente,678.67,Masculino,13,Médio,2,1.5
967,Nome_967,52,6725.77,Vendas,46.0,nan,1815.65,Masculino,27,Técnico,9,6.6
968,Nome_968,48,5093.57,Financeiro,44.0,Bom,445.33,Masculino,15,Superior,1,2.2
969,Nome_969,34,4196.88,TI,30.0,Regular,487.49,Masculino,16,Médio,3,4.9
970,Nome_970,45,4227.28,Vendas,44.0,nan,1480.28,Masculino,9,Superior,9,9.0
971,Nome_971,65,3640.3,TI,33.0,Excelente,1554.8,Feminino,6,Técnico,6,2.2
972,Nome_972,65,,Vendas,,Regular,1029.56,Feminino,16,Técnico,1,2.9
973,Nome_973,68,7124.82,Financeiro,38.0,Regular,1369.41,Masculino,4,Técnico,12,4.8
974,Nome_974,29,2235.21,Financeiro,33.0,Bom,670.35,Feminino,22,Médio,7,1.5
975,Nome_975,41,6507.79,TI,34.0,Excelente,462.57,Feminino,23,Médio,13,3.6
976,Nome_976,32,6702.58,Financeiro,44.0,Excelente,1284.87,Feminino,27,Médio,8,1.7
977,Nome_977,57,4368.34,Financeiro,34.0,nan,1050.18,Feminino,28,Técnico,8,5.3
978,Nome_978,48,6462.77,TI,47.0,Excelente,1783.54,Masculino,14,Médio,11,6.2
979,Nome_979,44,,TI,49.0,Regular,975.6,Feminino,7,Técnico,5,7.7
980,Nome_980,52,3892.32,Financeiro,33.0,Excelente,217.76,Feminino,4,Médio,2,9.3
981,Nome_981,35,3412.89,TI,48.0,Bom,1581.68,Feminino,26,Superior,8,4.9
982,Nome_982,53,6822.75,TI,31.0,Excelente,740.44,Masculino,16,Superior,3,6.7
983,Nome_983,25,2174.49,Vendas,42.0,Excelente,502.4,Masculino,26,Técnico,11,1.5
984,Nome_984,63,3434.59,RH,37.0,nan,1080.52,Feminino,4,Técnico,9,5.3
985,Nome_985,66,3808.16,Financeiro,42.0,Bom,210.2,Feminino,27,Superior,12,8.8
986,Nome_986,55,5645.78,Financeiro,45.0,nan,106.11,Feminino,14,Técnico,9,6.3
987,Nome_987,22,10295.234545405609,Vendas,30.0,Excelente,1236.26,Feminino,21,Técnico,6,4.4
988,Nome_988,31,5978.37,Financeiro,31.0,Regular,76.91,Feminino,26,Médio,4,1.8
989,Nome_989,55,2858.37,Financeiro,43.0,Bom,1206.61,Feminino,29,Médio,14,5.5
990,Nome_990,37,4060.72,Financeiro,31.0,nan,518.24,Masculino,13,Médio,3,9.3
991,Nome_991,61,12593.860534409367,TI,33.0,Bom,1930.99,Feminino,24,Técnico,11,1.7
992,Nome_992,26,5735.39,Financeiro,37.0,Regular,1029.95,Masculino,4,Médio,4,5.8
993,Nome_993,50,3617.6,Financeiro,34.0,Regular,1547.74,Feminino,24,Médio,1,4.8
994,Nome_994,35,3567.02,RH,36.0,nan,880.57,Feminino,2,Médio,8,7.8
995,Nome_995,23,2278.3,Vendas,32.0,nan,1881.23,Feminino,4,Técnico,9,2.4
996,Nome_996,54,6936.26,Vendas,43.0,nan,41.18,Feminino,10,Médio,11,2.5
997,Nome_997,19,2167.68,TI,36.0,Regular,1804.14,Masculino,16,Médio,9,7.4
998,Nome_998,47,4163.81,Financeiro,45.0,Excelente,201.75,Feminino,1,Técnico,11,7.1
999,Nome_999,23,3079.44,Financeiro,46.0,Bom,50.95,Masculino,16,Técnico,7,5.7
1000,Nome_1000,34,5010.61,Financeiro,46.0,nan,1674.16,Masculino,8,Médio,11,1.0
360,Nome_360,45,4949.55,Vendas,31.0,Bom,1148.73,Masculino,5,Superior,11,3.2
569,Nome_569,69,2913.7,Financeiro,34.0,nan,1453.13,Feminino,5,Técnico,7,9.9
311,Nome_311,35,4318.68,TI,33.0,Regular,1651.29,Masculino,16,Superior,5,4.1
924,Nome_924,23,6635.77,RH,41.0,nan,444.22,Feminino,10,Superior,9,7.1
61,Nome_61,54,4749.55,RH,31.0,Excelente,813.07,Feminino,18,Técnico,7,5.9
826,Nome_826,43,6269.69,Financeiro,43.0,nan,586.03,Feminino,27,Médio,8,2.6
393,Nome_393,33,2708.76,Vendas,41.0,Bom,22.58,Masculino,18,Superior,8,3.4
22,Nome_22,42,5384.39,Financeiro,47.0,Regular,1880.94,Feminino,16,Superior,6,9.6
130,Nome_130,68,5306.47,TI,35.0,Excelente,372.98,Masculino,10,Superior,12,2.1
62,Nome_62,23,,RH,,Excelente,1583.03,Feminino,10,Técnico,2,9.1
517,Nome_517,54,3843.04,TI,38.0,Bom,1145.78,Feminino,3,Médio,12,3.2
274,Nome_274,63,3598.45,Financeiro,41.0,nan,1250.02,Masculino,10,Superior,2,4.6
132,Nome_132,41,3203.1,TI,43.0,nan,394.51,Masculino,7,Médio,2,9.8
287,Nome_287,18,4177.33,Vendas,36.0,Excelente,42.04,Masculino,24,Superior,10,2.2
173,Nome_173,31,4897.35,TI,38.0,Regular,1859.76,Masculino,29,Superior,5,3.8
307,Nome_307,47,2986.93,TI,40.0,nan,493.31,Masculino,8,Médio,7,8.0
88,Nome_88,22,7347.89,RH,38.0,nan,1401.33,Feminino,19,Superior,5,6.4
593,Nome_593,54,6037.33,Vendas,41.0,Excelente,1964.55,Masculino,3,Técnico,9,1.4
128,Nome_128,18,5854.11,Vendas,44.0,Regular,413.85,Masculino,21,Médio,1,7.2
346,Nome_346,46,6767.04,RH,48.0,Excelente,914.8,Masculino,29,Médio,11,5.9
604,Nome_604,27,6108.79,Vendas,41.0,Bom,755.52,Masculino,21,Superior,8,5.2
16,Nome_16,30,2225.39,TI,30.0,Regular,944.3,Feminino,8,Técnico,10,4.1
537,Nome_537,38,2413.28,RH,39.0,Excelente,1697.91,Masculino,11,Técnico,4,5.6
770,Nome_770,30,12548.9673942601,Vendas,,Regular,1174.5,Feminino,12,Médio,13,1.7
693,Nome_693,63,2106.61,Vendas,48.0,Bom,74.91,Feminino,1,Médio,11,4.4
267,Nome_267,68,6564.46,Vendas,43.0,nan,1021.73,Masculino,19,Técnico,12,6.3
330,Nome_330,25,6364.88,TI,32.0,nan,1584.3,Feminino,12,Médio,8,5.4
942,Nome_942,28,,Vendas,,nan,1427.29,Masculino,4,Médio,7,7.7
842,Nome_842,53,3852.91,TI,31.0,Bom,1072.4,Feminino,26,Técnico,5,9.2
642,Nome_642,54,4027.05,TI,37.0,nan,1786.99,Masculino,3,Médio,14,8.3
587,Nome_587,35,3940.19,Financeiro,42.0,nan,1889.38,Masculino,18,Médio,9,5.7
554,Nome_554,27,7926.55,RH,35.0,Bom,1066.19,Masculino,10,Técnico,10,9.4
107,Nome_107,59,4216.94,RH,37.0,Regular,856.79,Feminino,16,Técnico,6,6.8
542,Nome_542,62,3088.86,Vendas,46.0,nan,210.55,Feminino,12,Superior,10,7.3
979,Nome_979,44,,TI,49.0,Regular,975.6,Feminino,7,Técnico,5,7.7
589,Nome_589,20,6039.14,Financeiro,31.0,Bom,1379.02,Feminino,23,Técnico,12,5.4
510,Nome_510,30,4252.1,TI,30.0,nan,1635.61,Masculino,18,Técnico,1,7.0
193,Nome_193,29,2016.06,Financeiro,30.0,nan,65.09,Feminino,15,Técnico,11,8.2
444,Nome_444,38,4955.79,Financeiro,35.0,Bom,87.57,Feminino,5,Superior,4,1.4
862,Nome_862,23,3817.27,RH,34.0,Regular,1522.33,Masculino,15,Superior,11,2.8
67,Nome_67,22,4288.38,TI,48.0,Bom,1097.01,Feminino,21,Técnico,9,5.3
582,Nome_582,63,7096.3,Vendas,37.0,Bom,521.86,Masculino,3,Técnico,14,5.3
529,Nome_529,63,4474.6,Financeiro,40.0,Regular,1529.56,Masculino,5,Médio,11,1.3
15,Nome_15,42,,TI,,nan,558.62,Feminino,17,Superior,4,7.3
11,Nome_11,54,4127.04,Vendas,42.0,nan,1406.03,Masculino,15,Superior,6,5.6
133,Nome_133,20,,Financeiro,33.0,Regular,1052.94,Feminino,23,Médio,11,1.8
509,Nome_509,21,3252.1,Vendas,46.0,Regular,1059.35,Masculino,16,Médio,9,8.2
447,Nome_447,34,2397.24,Vendas,36.0,Regular,1234.75,Masculino,1,Superior,3,6.9
7,Nome_7,27,7569.31,RH,43.0,Bom,163.23,Feminino,26,Médio,1,9.2
621,Nome_621,31,4283.57,TI,38.0,Regular,542.2,Feminino,11,Médio,10,2.0
